Year,Month,Day,Inflow [GWh]
2003,1,1,8.71697
2003,1,2,9.12923
2003,1,3,9.29188
2003,1,4,9.60483
2003,1,5,10.2590
2003,1,6,11.2542
2003,1,7,12.4099
2003,1,8,15.1168
2003,1,9,17.6753
2003,1,10,25.5029
2003,1,11,29.9325
2003,1,12,28.4532
2003,1,13,25.5672
2003,1,14,22.4816
2003,1,15,19.6795
2003,1,16,17.3492
2003,1,17,15.4802
2003,1,18,13.9646
2003,1,19,12.8378
2003,1,20,11.9786
2003,1,21,11.2268
2003,1,22,10.5936
2003,1,23,10.2313
2003,1,24,10.1230
2003,1,25,9.98817
2003,1,26,9.79009
2003,1,27,9.53239
2003,1,28,9.21593
2003,1,29,8.90389
2003,1,30,8.70508
2003,1,31,8.66354
2003,2,1,8.70906
2003,2,2,8.63261
2003,2,3,8.43820
2003,2,4,8.21202
2003,2,5,9.60437
2003,2,6,12.2269
2003,2,7,12.4339
2003,2,8,11.9929
2003,2,9,11.3411
2003,2,10,10.6125
2003,2,11,9.89050
2003,2,12,9.21204
2003,2,13,8.59039
2003,2,14,8.02435
2003,2,15,7.51219
2003,2,16,7.05124
2003,2,17,6.63183
2003,2,18,6.25792
2003,2,19,5.91543
2003,2,20,5.61068
2003,2,21,5.33183
2003,2,22,5.07656
2003,2,23,4.84243
2003,2,24,4.62593
2003,2,25,4.42548
2003,2,26,4.23816
2003,2,27,4.06102
2003,2,28,3.89429
2003,3,1,3.74552
2003,3,2,3.62201
2003,3,3,3.52443
2003,3,4,3.48306
2003,3,5,3.50808
2003,3,6,3.57289
2003,3,7,3.66438
2003,3,8,3.78915
2003,3,9,3.92026
2003,3,10,4.04673
2003,3,11,4.17285
2003,3,12,4.46827
2003,3,13,5.02145
2003,3,14,5.58639
2003,3,15,5.89743
2003,3,16,5.99244
2003,3,17,5.98964
2003,3,18,5.95865
2003,3,19,5.95327
2003,3,20,6.03089
2003,3,21,6.24226
2003,3,22,6.42191
2003,3,23,6.45999
2003,3,24,6.40481
2003,3,25,6.37205
2003,3,26,6.65971
2003,3,27,7.46242
2003,3,28,8.84101
2003,3,29,10.3953
2003,3,30,11.7138
2003,3,31,12.7367
2003,4,1,13.5193
2003,4,2,13.8557
2003,4,3,13.6539
2003,4,4,13.3247
2003,4,5,12.9136
2003,4,6,12.3890
2003,4,7,11.7425
2003,4,8,11.0316
2003,4,9,10.3147
2003,4,10,9.71119
2003,4,11,9.45749
2003,4,12,9.56891
2003,4,13,9.59662
2003,4,14,9.61086
2003,4,15,9.50798
2003,4,16,9.33993
2003,4,17,9.18453
2003,4,18,8.99996
2003,4,19,8.77909
2003,4,20,8.51591
2003,4,21,8.21345
2003,4,22,8.08240
2003,4,23,8.39919
2003,4,24,8.70702
2003,4,25,8.92466
2003,4,26,8.93160
2003,4,27,8.79274
2003,4,28,8.59214
2003,4,29,8.35132
2003,4,30,8.01647
2003,5,1,7.61292
2003,5,2,7.16728
2003,5,3,6.72708
2003,5,4,6.31009
2003,5,5,5.91972
2003,5,6,5.54307
2003,5,7,5.19807
2003,5,8,4.88532
2003,5,9,4.59965
2003,5,10,4.35296
2003,5,11,4.13754
2003,5,12,3.95926
2003,5,13,3.78367
2003,5,14,3.61110
2003,5,15,3.46190
2003,5,16,3.32847
2003,5,17,3.20212
2003,5,18,3.08138
2003,5,19,2.96504
2003,5,20,2.84930
2003,5,21,2.74711
2003,5,22,2.66984
2003,5,23,2.62379
2003,5,24,2.59573
2003,5,25,2.57351
2003,5,26,2.55466
2003,5,27,2.55136
2003,5,28,2.54874
2003,5,29,2.54443
2003,5,30,2.52720
2003,5,31,2.51290
2003,6,1,2.49692
2003,6,2,2.48149
2003,6,3,2.46813
2003,6,4,2.45408
2003,6,5,2.44441
2003,6,6,2.42322
2003,6,7,2.39718
2003,6,8,2.36376
2003,6,9,2.33334
2003,6,10,2.32292
2003,6,11,2.34379
2003,6,12,2.34498
2003,6,13,2.32119
2003,6,14,2.28533
2003,6,15,2.23739
2003,6,16,2.19592
2003,6,17,2.15598
2003,6,18,2.11096
2003,6,19,2.08771
2003,6,20,2.11526
2003,6,21,2.13903
2003,6,22,2.14898
2003,6,23,2.15001
2003,6,24,2.13874
2003,6,25,2.11949
2003,6,26,2.08947
2003,6,27,2.05946
2003,6,28,2.03221
2003,6,29,2.01495
2003,6,30,1.99424
2003,7,1,1.97630
2003,7,2,1.94891
2003,7,3,1.91659
2003,7,4,1.87998
2003,7,5,1.84620
2003,7,6,1.81827
2003,7,7,1.79111
2003,7,8,1.76688
2003,7,9,1.73980
2003,7,10,1.71041
2003,7,11,1.68471
2003,7,12,1.64894
2003,7,13,1.61180
2003,7,14,1.57603
2003,7,15,1.53810
2003,7,16,1.50241
2003,7,17,1.46519
2003,7,18,1.42804
2003,7,19,1.39089
2003,7,20,1.35381
2003,7,21,1.31589
2003,7,22,1.27874
2003,7,23,1.24297
2003,7,24,1.20436
2003,7,25,1.17006
2003,7,26,1.13714
2003,7,27,1.10429
2003,7,28,1.07137
2003,7,29,1.04061
2003,7,30,1.01353
2003,7,31,0.992918
2003,8,1,0.974371
2003,8,2,0.962291
2003,8,3,0.946590
2003,8,4,0.934585
2003,8,5,0.920352
2003,8,6,0.906812
2003,8,7,0.889659
2003,8,8,0.873807
2003,8,9,0.856739
2003,8,10,0.839427
2003,8,11,0.820046
2003,8,12,0.799206
2003,8,13,0.779134
2003,8,14,0.758293
2003,8,15,0.739605
2003,8,16,0.720225
2003,8,17,0.704467
2003,8,18,0.685694
2003,8,19,0.666314
2003,8,20,0.651627
2003,8,21,0.636210
2003,8,22,0.618982
2003,8,23,0.603869
2003,8,24,0.590604
2003,8,25,0.577339
2003,8,26,0.565108
2003,8,27,0.553654
2003,8,28,0.546505
2003,8,29,0.533498
2003,8,30,0.524963
2003,8,31,0.515577
2003,9,1,0.505583
2003,9,2,0.497657
2003,9,3,0.490433
2003,9,4,0.482506
2003,9,5,0.475357
2003,9,6,0.467431
2003,9,7,0.458821
2003,9,8,0.451672
2003,9,9,0.446591
2003,9,10,0.445557
2003,9,11,0.454517
2003,9,12,0.470977
2003,9,13,0.494662
2003,9,14,0.519731
2003,9,15,0.544952
2003,9,16,0.569413
2003,9,17,0.588092
2003,9,18,0.600323
2003,9,19,0.609709
2003,9,20,0.614014
2003,9,21,0.617635
2003,9,22,0.616175
2003,9,23,0.611870
2003,9,24,0.608950
2003,9,25,0.605422
2003,9,26,0.601118
2003,9,27,0.596813
2003,9,28,0.591048
2003,9,29,0.587048
2003,9,30,0.583824
2003,10,1,0.583748
2003,10,2,0.580828
2003,10,3,0.583691
2003,10,4,0.580771
2003,10,5,0.583634
2003,10,6,0.592036
2003,10,7,0.617542
2003,10,8,0.650216
2003,10,9,0.709820
2003,10,10,0.784424
2003,10,11,0.863315
2003,10,12,0.926009
2003,10,13,0.975580
2003,10,14,1.01311
2003,10,15,1.04468
2003,10,16,1.07039
2003,10,17,1.09057
2003,10,18,1.10712
2003,10,19,1.12669
2003,10,20,1.19756
2003,10,21,1.32957
2003,10,22,1.57628
2003,10,23,2.24094
2003,10,24,3.30514
2003,10,25,4.08601
2003,10,26,4.52306
2003,10,27,4.78472
2003,10,28,5.27457
2003,10,29,5.67197
2003,10,30,6.41557
2003,10,31,8.03193
2003,11,1,8.96116
2003,11,2,9.73510
2003,11,3,11.4889
2003,11,4,12.3203
2003,11,5,12.1766
2003,11,6,11.7290
2003,11,7,11.1391
2003,11,8,10.4888
2003,11,9,9.80855
2003,11,10,9.15435
2003,11,11,8.53204
2003,11,12,7.95551
2003,11,13,7.43163
2003,11,14,6.95333
2003,11,15,6.52006
2003,11,16,6.13696
2003,11,17,5.79757
2003,11,18,5.50731
2003,11,19,5.27438
2003,11,20,5.06856
2003,11,21,4.87073
2003,11,22,4.67835
2003,11,23,4.49490
2003,11,24,4.32125
2003,11,25,4.16315
2003,11,26,4.07138
2003,11,27,4.23138
2003,11,28,4.66988
2003,11,29,5.42229
2003,11,30,6.04998
2003,12,1,6.33876
2003,12,2,6.36530
2003,12,3,6.28665
2003,12,4,6.14675
2003,12,5,5.97082
2003,12,6,5.77066
2003,12,7,5.56970
2003,12,8,5.39221
2003,12,9,5.21671
2003,12,10,5.04104
2003,12,11,4.87555
2003,12,12,4.72269
2003,12,13,4.64584
2003,12,14,4.62863
2003,12,15,4.60515
2003,12,16,4.55872
2003,12,17,4.49282
2003,12,18,4.41415
2003,12,19,4.32471
2003,12,20,4.23097
2003,12,21,4.13844
2003,12,22,4.08203
2003,12,23,4.58713
2003,12,24,5.29630
2003,12,25,5.68958
2003,12,26,5.84866
2003,12,27,5.87982
2003,12,28,5.84714
2003,12,29,5.79305
2003,12,30,5.89714
2003,12,31,6.34534
2004,1,1,6.83016
2004,1,2,7.07806
2004,1,3,7.11833
2004,1,4,7.06323
2004,1,5,6.94634
2004,1,6,6.78783
2004,1,7,6.59766
2004,1,8,6.38584
2004,1,9,6.16584
2004,1,10,5.94523
2004,1,11,5.74646
2004,1,12,5.56458
2004,1,13,5.39292
2004,1,14,5.29295
2004,1,15,5.35266
2004,1,16,5.77552
2004,1,17,6.09843
2004,1,18,6.30076
2004,1,19,6.96278
2004,1,20,9.21640
2004,1,21,11.9161
2004,1,22,13.0279
2004,1,23,13.0234
2004,1,24,12.6610
2004,1,25,12.1218
2004,1,26,11.4824
2004,1,27,10.8207
2004,1,28,10.3357
2004,1,29,10.4477
2004,1,30,10.5694
2004,1,31,10.3882
2004,2,1,10.0433
2004,2,2,9.62476
2004,2,3,9.17846
2004,2,4,8.78808
2004,2,5,8.50061
2004,2,6,8.32652
2004,2,7,8.22037
2004,2,8,8.11753
2004,2,9,8.07203
2004,2,10,8.12233
2004,2,11,8.07465
2004,2,12,7.93735
2004,2,13,7.75855
2004,2,14,7.54145
2004,2,15,7.29282
2004,2,16,7.03066
2004,2,17,6.76568
2004,2,18,6.49719
2004,2,19,6.23941
2004,2,20,6.01145
2004,2,21,5.85402
2004,2,22,5.74819
2004,2,23,6.08779
2004,2,24,7.26407
2004,2,25,8.57739
2004,2,26,9.93528
2004,2,27,14.0466
2004,2,28,18.8392
2004,2,29,21.4053
2004,3,1,22.1904
2004,3,2,22.1281
2004,3,3,21.1243
2004,3,4,19.5570
2004,3,5,17.8215
2004,3,6,16.1251
2004,3,7,14.5675
2004,3,8,13.4274
2004,3,9,13.5854
2004,3,10,13.6485
2004,3,11,13.2291
2004,3,12,12.7456
2004,3,13,12.3999
2004,3,14,12.3808
2004,3,15,12.8169
2004,3,16,13.2472
2004,3,17,13.6629
2004,3,18,14.2842
2004,3,19,15.2329
2004,3,20,15.3358
2004,3,21,14.8256
2004,3,22,14.3037
2004,3,23,14.0734
2004,3,24,15.3496
2004,3,25,17.4598
2004,3,26,18.0449
2004,3,27,18.6229
2004,3,28,18.6343
2004,3,29,17.9624
2004,3,30,16.8899
2004,3,31,15.6721
2004,4,1,14.6022
2004,4,2,13.7416
2004,4,3,13.0221
2004,4,4,12.2911
2004,4,5,11.7043
2004,4,6,11.3055
2004,4,7,11.0289
2004,4,8,11.3992
2004,4,9,12.2319
2004,4,10,12.8170
2004,4,11,13.0823
2004,4,12,12.8450
2004,4,13,13.0992
2004,4,14,13.8113
2004,4,15,13.7710
2004,4,16,13.5286
2004,4,17,13.5286
2004,4,18,13.3805
2004,4,19,13.1939
2004,4,20,13.4280
2004,4,21,13.3912
2004,4,22,13.1289
2004,4,23,12.8148
2004,4,24,12.2113
2004,4,25,11.5808
2004,4,26,11.3982
2004,4,27,11.4650
2004,4,28,11.1638
2004,4,29,10.8415
2004,4,30,10.5751
2004,5,1,10.1952
2004,5,2,10.0531
2004,5,3,10.1867
2004,5,4,9.94630
2004,5,5,9.60688
2004,5,6,9.34880
2004,5,7,9.47419
2004,5,8,9.71519
2004,5,9,9.75243
2004,5,10,9.63980
2004,5,11,9.32351
2004,5,12,8.87444
2004,5,13,8.38266
2004,5,14,7.99029
2004,5,15,7.65079
2004,5,16,7.30206
2004,5,17,6.94740
2004,5,18,6.59314
2004,5,19,6.21973
2004,5,20,5.84121
2004,5,21,5.47085
2004,5,22,5.13648
2004,5,23,4.84283
2004,5,24,4.61062
2004,5,25,4.44849
2004,5,26,4.28939
2004,5,27,4.11543
2004,5,28,3.93200
2004,5,29,3.75927
2004,5,30,3.60372
2004,5,31,3.46440
2004,6,1,3.34987
2004,6,2,3.24675
2004,6,3,3.18213
2004,6,4,3.20201
2004,6,5,3.39862
2004,6,6,3.72228
2004,6,7,4.11666
2004,6,8,4.38898
2004,6,9,4.47225
2004,6,10,4.43638
2004,6,11,4.34663
2004,6,12,4.21582
2004,6,13,4.05978
2004,6,14,3.91058
2004,6,15,3.75981
2004,6,16,3.60780
2004,6,17,3.45425
2004,6,18,3.31362
2004,6,19,3.19262
2004,6,20,3.08888
2004,6,21,2.99456
2004,6,22,2.90646
2004,6,23,2.83465
2004,6,24,2.77232
2004,6,25,2.70637
2004,6,26,2.63166
2004,6,27,2.56126
2004,6,28,2.48146
2004,6,29,2.39581
2004,6,30,2.31803
2004,7,1,2.23024
2004,7,2,2.15030
2004,7,3,2.07760
2004,7,4,2.00706
2004,7,5,1.93937
2004,7,6,1.87323
2004,7,7,1.80546
2004,7,8,1.73769
2004,7,9,1.67717
2004,7,10,1.61372
2004,7,11,1.55597
2004,7,12,1.50477
2004,7,13,1.46950
2004,7,14,1.44308
2004,7,15,1.42399
2004,7,16,1.40990
2004,7,17,1.39289
2004,7,18,1.36994
2004,7,19,1.34286
2004,7,20,1.32121
2004,7,21,1.29233
2004,7,22,1.26353
2004,7,23,1.23396
2004,7,24,1.19993
2004,7,25,1.16959
2004,7,26,1.14650
2004,7,27,1.12771
2004,7,28,1.12045
2004,7,29,1.11533
2004,7,30,1.11629
2004,7,31,1.11664
2004,8,1,1.11723
2004,8,2,1.11289
2004,8,3,1.10840
2004,8,4,1.10237
2004,8,5,1.09372
2004,8,6,1.08709
2004,8,7,1.08476
2004,8,8,1.09043
2004,8,9,1.09817
2004,8,10,1.10591
2004,8,11,1.11165
2004,8,12,1.11363
2004,8,13,1.11276
2004,8,14,1.10975
2004,8,15,1.10780
2004,8,16,1.10224
2004,8,17,1.09699
2004,8,18,1.08605
2004,8,19,1.07589
2004,8,20,1.06125
2004,8,21,1.04455
2004,8,22,1.02422
2004,8,23,1.00752
2004,8,24,0.987191
2004,8,25,0.966865
2004,8,26,0.945173
2004,8,27,0.927692
2004,8,28,0.913131
2004,8,29,0.897279
2004,8,30,0.879873
2004,8,31,0.865481
2004,9,1,0.851696
2004,9,2,0.837912
2004,9,3,0.823520
2004,9,4,0.807668
2004,9,5,0.798871
2004,9,6,0.784479
2004,9,7,0.770695
2004,9,8,0.757762
2004,9,9,0.745438
2004,9,10,0.728809
2004,9,11,0.715413
2004,9,12,0.702017
2004,9,13,0.685388
2004,9,14,0.671604
2004,9,15,0.657137
2004,9,16,0.640508
2004,9,17,0.627500
2004,9,18,0.613033
2004,9,19,0.601485
2004,9,20,0.591322
2004,9,21,0.581235
2004,9,22,0.571755
2004,9,23,0.563829
2004,9,24,0.555903
2004,9,25,0.551429
2004,9,26,0.561956
2004,9,27,0.646382
2004,9,28,0.797327
2004,9,29,0.938846
2004,9,30,1.04944
2004,10,1,1.13560
2004,10,2,1.19755
2004,10,3,1.23988
2004,10,4,1.26644
2004,10,5,1.28438
2004,10,6,1.29079
2004,10,7,1.29219
2004,10,8,1.28635
2004,10,9,1.28207
2004,10,10,1.27635
2004,10,11,1.26771
2004,10,12,1.28258
2004,10,13,1.31468
2004,10,14,1.36613
2004,10,15,1.47962
2004,10,16,1.66695
2004,10,17,1.98542
2004,10,18,2.35089
2004,10,19,2.64965
2004,10,20,2.88294
2004,10,21,3.05879
2004,10,22,3.15672
2004,10,23,3.19617
2004,10,24,3.19721
2004,10,25,3.17576
2004,10,26,3.14172
2004,10,27,3.09830
2004,10,28,3.04661
2004,10,29,2.99130
2004,10,30,2.92945
2004,10,31,2.86473
2004,11,1,2.79632
2004,11,2,2.72574
2004,11,3,2.65663
2004,11,4,2.58458
2004,11,5,2.51469
2004,11,6,2.44842
2004,11,7,2.39311
2004,11,8,2.47737
2004,11,9,3.08148
2004,11,10,3.82643
2004,11,11,4.32347
2004,11,12,4.75988
2004,11,13,5.66036
2004,11,14,10.6184
2004,11,15,17.4613
2004,11,16,19.0318
2004,11,17,18.6077
2004,11,18,17.6128
2004,11,19,16.4666
2004,11,20,15.7857
2004,11,21,15.2889
2004,11,22,14.5536
2004,11,23,13.6790
2004,11,24,12.7929
2004,11,25,11.9567
2004,11,26,11.1569
2004,11,27,10.3984
2004,11,28,9.74598
2004,11,29,9.30967
2004,11,30,9.01002
2004,12,1,9.14636
2004,12,2,11.3273
2004,12,3,14.5696
2004,12,4,15.8553
2004,12,5,16.0833
2004,12,6,15.7639
2004,12,7,15.1664
2004,12,8,14.4341
2004,12,9,13.5635
2004,12,10,12.6336
2004,12,11,11.7082
2004,12,12,10.8303
2004,12,13,10.0220
2004,12,14,9.28935
2004,12,15,8.62799
2004,12,16,8.03434
2004,12,17,7.50371
2004,12,18,7.11091
2004,12,19,7.17122
2004,12,20,7.29073
2004,12,21,7.24849
2004,12,22,7.12405
2004,12,23,6.95615
2004,12,24,6.75751
2004,12,25,6.54211
2004,12,26,6.36272
2004,12,27,6.97073
2004,12,28,8.64626
2004,12,29,10.3470
2004,12,30,11.1164
2004,12,31,11.1542
2005,1,1,10.9293
2005,1,2,10.5853
2005,1,3,10.1928
2005,1,4,9.76960
2005,1,5,9.32979
2005,1,6,8.91509
2005,1,7,8.53620
2005,1,8,8.17961
2005,1,9,7.86360
2005,1,10,7.59556
2005,1,11,7.36301
2005,1,12,7.13468
2005,1,13,6.92171
2005,1,14,6.72344
2005,1,15,6.52571
2005,1,16,6.32420
2005,1,17,6.11598
2005,1,18,5.90537
2005,1,19,5.69841
2005,1,20,5.50444
2005,1,21,5.33189
2005,1,22,5.19631
2005,1,23,5.08299
2005,1,24,4.97438
2005,1,25,4.87017
2005,1,26,4.78085
2005,1,27,4.74640
2005,1,28,4.77788
2005,1,29,4.83128
2005,1,30,4.85560
2005,1,31,4.83029
2005,2,1,4.76869
2005,2,2,4.68477
2005,2,3,4.58709
2005,2,4,4.48435
2005,2,5,4.37117
2005,2,6,4.25712
2005,2,7,4.13850
2005,2,8,4.01756
2005,2,9,3.89962
2005,2,10,3.78662
2005,2,11,3.67896
2005,2,12,3.57424
2005,2,13,3.47591
2005,2,14,3.44457
2005,2,15,4.14638
2005,2,16,5.42207
2005,2,17,6.10114
2005,2,18,6.25408
2005,2,19,6.21161
2005,2,20,6.07784
2005,2,21,5.91872
2005,2,22,5.96754
2005,2,23,7.21741
2005,2,24,8.65102
2005,2,25,9.21520
2005,2,26,9.88391
2005,2,27,10.4735
2005,2,28,10.6755
2005,3,1,10.4771
2005,3,2,10.0469
2005,3,3,9.50425
2005,3,4,9.03003
2005,3,5,12.7095
2005,3,6,17.7564
2005,3,7,18.0205
2005,3,8,16.9895
2005,3,9,15.4775
2005,3,10,13.9828
2005,3,11,12.6699
2005,3,12,11.5392
2005,3,13,10.6979
2005,3,14,10.2970
2005,3,15,10.1636
2005,3,16,10.3129
2005,3,17,10.6433
2005,3,18,11.2794
2005,3,19,12.1874
2005,3,20,13.5354
2005,3,21,14.7022
2005,3,22,15.2956
2005,3,23,15.8284
2005,3,24,16.9083
2005,3,25,18.8952
2005,3,26,21.1707
2005,3,27,24.9621
2005,3,28,29.8155
2005,3,29,33.3650
2005,3,30,34.3167
2005,3,31,32.9447
2005,4,1,30.3190
2005,4,2,27.1567
2005,4,3,23.9927
2005,4,4,21.2647
2005,4,5,19.2354
2005,4,6,17.8192
2005,4,7,16.7082
2005,4,8,15.8187
2005,4,9,14.8753
2005,4,10,14.0049
2005,4,11,13.2637
2005,4,12,12.7059
2005,4,13,12.4556
2005,4,14,12.2836
2005,4,15,12.1891
2005,4,16,12.1872
2005,4,17,12.4053
2005,4,18,12.8553
2005,4,19,12.8605
2005,4,20,12.7538
2005,4,21,13.4141
2005,4,22,15.1110
2005,4,23,15.2622
2005,4,24,14.6113
2005,4,25,13.9724
2005,4,26,13.6092
2005,4,27,13.5962
2005,4,28,13.7354
2005,4,29,13.3670
2005,4,30,12.9041
2005,5,1,12.5706
2005,5,2,12.2015
2005,5,3,11.7317
2005,5,4,11.3529
2005,5,5,11.0075
2005,5,6,10.8756
2005,5,7,11.2426
2005,5,8,11.1661
2005,5,9,10.9926
2005,5,10,11.0353
2005,5,11,10.7994
2005,5,12,10.6515
2005,5,13,10.6017
2005,5,14,10.2108
2005,5,15,9.92764
2005,5,16,9.91708
2005,5,17,9.56818
2005,5,18,9.04066
2005,5,19,8.53513
2005,5,20,8.25189
2005,5,21,7.94612
2005,5,22,7.53745
2005,5,23,7.05546
2005,5,24,6.57963
2005,5,25,6.15419
2005,5,26,5.76230
2005,5,27,5.40137
2005,5,28,5.06353
2005,5,29,4.73515
2005,5,30,4.44863
2005,5,31,4.17619
2005,6,1,3.93536
2005,6,2,3.71392
2005,6,3,3.50854
2005,6,4,3.32574
2005,6,5,3.16332
2005,6,6,3.01497
2005,6,7,2.88923
2005,6,8,2.80335
2005,6,9,2.77593
2005,6,10,2.78504
2005,6,11,2.78823
2005,6,12,2.77044
2005,6,13,2.73761
2005,6,14,2.69023
2005,6,15,2.63802
2005,6,16,2.58917
2005,6,17,2.54600
2005,6,18,2.51198
2005,6,19,2.48879
2005,6,20,2.45406
2005,6,21,2.41342
2005,6,22,2.36846
2005,6,23,2.31153
2005,6,24,2.25813
2005,6,25,2.19456
2005,6,26,2.12592
2005,6,27,2.07020
2005,6,28,2.00588
2005,6,29,1.94429
2005,6,30,1.88702
2005,7,1,1.83838
2005,7,2,1.78989
2005,7,3,1.74832
2005,7,4,1.70846
2005,7,5,1.67264
2005,7,6,1.64476
2005,7,7,1.61327
2005,7,8,1.58539
2005,7,9,1.55244
2005,7,10,1.51811
2005,7,11,1.49069
2005,7,12,1.45792
2005,7,13,1.42990
2005,7,14,1.40756
2005,7,15,1.38469
2005,7,16,1.36027
2005,7,17,1.33886
2005,7,18,1.31660
2005,7,19,1.29728
2005,7,20,1.27725
2005,7,21,1.25431
2005,7,22,1.22990
2005,7,23,1.20982
2005,7,24,1.18325
2005,7,25,1.15817
2005,7,26,1.13223
2005,7,27,1.11249
2005,7,28,1.08844
2005,7,29,1.06328
2005,7,30,1.04018
2005,7,31,1.01502
2005,8,1,0.995547
2005,8,2,0.972452
2005,8,3,0.950986
2005,8,4,0.935209
2005,8,5,0.923661
2005,8,6,0.920874
2005,8,7,0.919471
2005,8,8,0.919772
2005,8,9,0.929898
2005,8,10,0.936497
2005,8,11,0.940175
2005,8,12,0.940326
2005,8,13,0.937894
2005,8,14,0.946316
2005,8,15,0.954393
2005,8,16,0.963929
2005,8,17,0.978472
2005,8,18,0.992922
2005,8,19,1.00855
2005,8,20,1.01909
2005,8,21,1.02847
2005,8,22,1.03494
2005,8,23,1.04433
2005,8,24,1.06251
2005,8,25,1.09052
2005,8,26,1.10991
2005,8,27,1.12156
2005,8,28,1.13096
2005,8,29,1.13455
2005,8,30,1.13598
2005,8,31,1.13530
2005,9,1,1.13600
2005,9,2,1.13479
2005,9,3,1.13410
2005,9,4,1.12773
2005,9,5,1.12197
2005,9,6,1.11775
2005,9,7,1.11838
2005,9,8,1.12333
2005,9,9,1.12706
2005,9,10,1.12994
2005,9,11,1.12989
2005,9,12,1.12621
2005,9,13,1.12916
2005,9,14,1.12765
2005,9,15,1.13343
2005,9,16,1.14212
2005,9,17,1.14710
2005,9,18,1.14934
2005,9,19,1.20195
2005,9,20,1.39288
2005,9,21,1.57982
2005,9,22,1.71992
2005,9,23,1.82157
2005,9,24,1.89107
2005,9,25,1.93771
2005,9,26,1.96367
2005,9,27,1.97524
2005,9,28,1.97834
2005,9,29,1.97576
2005,9,30,1.98319
2005,10,1,2.13837
2005,10,2,2.45117
2005,10,3,2.68869
2005,10,4,2.83542
2005,10,5,2.90751
2005,10,6,2.92510
2005,10,7,2.91909
2005,10,8,2.90437
2005,10,9,2.88311
2005,10,10,2.85902
2005,10,11,2.82939
2005,10,12,2.79960
2005,10,13,2.76540
2005,10,14,2.72759
2005,10,15,2.68985
2005,10,16,2.64555
2005,10,17,2.60186
2005,10,18,2.55462
2005,10,19,2.50526
2005,10,20,2.45366
2005,10,21,2.40565
2005,10,22,2.36264
2005,10,23,2.35159
2005,10,24,2.37020
2005,10,25,2.38371
2005,10,26,2.38571
2005,10,27,2.37380
2005,10,28,2.34437
2005,10,29,2.30845
2005,10,30,2.27322
2005,10,31,2.23660
2005,11,1,2.20222
2005,11,2,2.16490
2005,11,3,2.13335
2005,11,4,2.09611
2005,11,5,2.06008
2005,11,6,2.02050
2005,11,7,1.98093
2005,11,8,1.94505
2005,11,9,1.90470
2005,11,10,1.87160
2005,11,11,1.83853
2005,11,12,1.80830
2005,11,13,1.77519
2005,11,14,1.74362
2005,11,15,1.71482
2005,11,16,1.68463
2005,11,17,1.68172
2005,11,18,1.72636
2005,11,19,1.80026
2005,11,20,1.87385
2005,11,21,1.92825
2005,11,22,1.96728
2005,11,23,1.99604
2005,11,24,2.02833
2005,11,25,2.09093
2005,11,26,2.18349
2005,11,27,2.43714
2005,11,28,3.20392
2005,11,29,4.10951
2005,11,30,4.88227
2005,12,1,6.76033
2005,12,2,9.15045
2005,12,3,10.0880
2005,12,4,10.7931
2005,12,5,11.7537
2005,12,6,13.5508
2005,12,7,16.8852
2005,12,8,18.0754
2005,12,9,17.9142
2005,12,10,17.0013
2005,12,11,15.7707
2005,12,12,14.5704
2005,12,13,13.5521
2005,12,14,12.6373
2005,12,15,11.7732
2005,12,16,10.9509
2005,12,17,10.2120
2005,12,18,9.65560
2005,12,19,9.17434
2005,12,20,8.70741
2005,12,21,8.25231
2005,12,22,7.81824
2005,12,23,7.40829
2005,12,24,7.01988
2005,12,25,6.66602
2005,12,26,6.34412
2005,12,27,6.13013
2005,12,28,6.79167
2005,12,29,8.71881
2005,12,30,11.0861
2005,12,31,12.8751
2006,1,1,13.0884
2006,1,2,14.7153
2006,1,3,17.3405
2006,1,4,17.5701
2006,1,5,16.9854
2006,1,6,16.1345
2006,1,7,15.1775
2006,1,8,14.1390
2006,1,9,13.0928
2006,1,10,12.0878
2006,1,11,11.1540
2006,1,12,10.3088
2006,1,13,9.54785
2006,1,14,8.86816
2006,1,15,8.25870
2006,1,16,7.71274
2006,1,17,7.22178
2006,1,18,6.79085
2006,1,19,6.49152
2006,1,20,6.30114
2006,1,21,6.12180
2006,1,22,5.94556
2006,1,23,5.77194
2006,1,24,5.59796
2006,1,25,5.41934
2006,1,26,5.23890
2006,1,27,5.05843
2006,1,28,4.88073
2006,1,29,4.70874
2006,1,30,4.56818
2006,1,31,4.46531
2006,2,1,4.38452
2006,2,2,4.31634
2006,2,3,4.25299
2006,2,4,4.19910
2006,2,5,4.14156
2006,2,6,4.07995
2006,2,7,4.01512
2006,2,8,3.94053
2006,2,9,3.86912
2006,2,10,3.81577
2006,2,11,3.77908
2006,2,12,3.74140
2006,2,13,3.69697
2006,2,14,3.64782
2006,2,15,3.58744
2006,2,16,3.52568
2006,2,17,3.48663
2006,2,18,3.62231
2006,2,19,3.96431
2006,2,20,4.39695
2006,2,21,4.92149
2006,2,22,6.24134
2006,2,23,7.60141
2006,2,24,8.37569
2006,2,25,8.97296
2006,2,26,9.51994
2006,2,27,9.84585
2006,2,28,10.0157
2006,3,1,10.0544
2006,3,2,10.0290
2006,3,3,10.0573
2006,3,4,10.0118
2006,3,5,10.2705
2006,3,6,12.1652
2006,3,7,15.2672
2006,3,8,15.9457
2006,3,9,15.5643
2006,3,10,14.8795
2006,3,11,14.7760
2006,3,12,15.1669
2006,3,13,15.0371
2006,3,14,14.5678
2006,3,15,13.8999
2006,3,16,13.1477
2006,3,17,12.4245
2006,3,18,11.8000
2006,3,19,11.2657
2006,3,20,10.8545
2006,3,21,10.6612
2006,3,22,10.9829
2006,3,23,12.1978
2006,3,24,13.7859
2006,3,25,14.7154
2006,3,26,15.1102
2006,3,27,15.6517
2006,3,28,16.7759
2006,3,29,17.8657
2006,3,30,17.6581
2006,3,31,16.8987
2006,4,1,15.7598
2006,4,2,14.4616
2006,4,3,13.2613
2006,4,4,12.3391
2006,4,5,11.5505
2006,4,6,10.8137
2006,4,7,10.5012
2006,4,8,10.8113
2006,4,9,10.8292
2006,4,10,10.5011
2006,4,11,10.0456
2006,4,12,9.91058
2006,4,13,10.1159
2006,4,14,9.99101
2006,4,15,9.70856
2006,4,16,9.31805
2006,4,17,8.99592
2006,4,18,8.74344
2006,4,19,8.52138
2006,4,20,8.71409
2006,4,21,9.10271
2006,4,22,9.06575
2006,4,23,8.97694
2006,4,24,9.00175
2006,4,25,8.76145
2006,4,26,8.52869
2006,4,27,8.49383
2006,4,28,8.44157
2006,4,29,8.64889
2006,4,30,9.16118
2006,5,1,9.27241
2006,5,2,9.56031
2006,5,3,9.93731
2006,5,4,9.85213
2006,5,5,9.65571
2006,5,6,9.41051
2006,5,7,9.05838
2006,5,8,8.82456
2006,5,9,8.73892
2006,5,10,8.75308
2006,5,11,9.03568
2006,5,12,8.99179
2006,5,13,8.89951
2006,5,14,8.86159
2006,5,15,8.63575
2006,5,16,8.25786
2006,5,17,7.74771
2006,5,18,7.21046
2006,5,19,6.66096
2006,5,20,6.13206
2006,5,21,5.65164
2006,5,22,5.21860
2006,5,23,4.82747
2006,5,24,4.47652
2006,5,25,4.17874
2006,5,26,3.91868
2006,5,27,3.68208
2006,5,28,3.46087
2006,5,29,3.26200
2006,5,30,3.09788
2006,5,31,2.97131
2006,6,1,2.87429
2006,6,2,2.80717
2006,6,3,2.78066
2006,6,4,2.76841
2006,6,5,2.75709
2006,6,6,2.74593
2006,6,7,2.75039
2006,6,8,2.80882
2006,6,9,2.91600
2006,6,10,3.00941
2006,6,11,3.11475
2006,6,12,3.26571
2006,6,13,3.37468
2006,6,14,3.42202
2006,6,15,3.43321
2006,6,16,3.40886
2006,6,17,3.35151
2006,6,18,3.27709
2006,6,19,3.19283
2006,6,20,3.10273
2006,6,21,3.00882
2006,6,22,2.90339
2006,6,23,2.81742
2006,6,24,2.72990
2006,6,25,2.64483
2006,6,26,2.55191
2006,6,27,2.46077
2006,6,28,2.36800
2006,6,29,2.28240
2006,6,30,2.20319
2006,7,1,2.12904
2006,7,2,2.06929
2006,7,3,2.04623
2006,7,4,2.04384
2006,7,5,2.03284
2006,7,6,2.00724
2006,7,7,1.97583
2006,7,8,1.94132
2006,7,9,1.91199
2006,7,10,1.88557
2006,7,11,1.86399
2006,7,12,1.83532
2006,7,13,1.81959
2006,7,14,1.79937
2006,7,15,1.78070
2006,7,16,1.76263
2006,7,17,1.74026
2006,7,18,1.71144
2006,7,19,1.68140
2006,7,20,1.64674
2006,7,21,1.60716
2006,7,22,1.56467
2006,7,23,1.51848
2006,7,24,1.47676
2006,7,25,1.44074
2006,7,26,1.41210
2006,7,27,1.38468
2006,7,28,1.37027
2006,7,29,1.35836
2006,7,30,1.35444
2006,7,31,1.36355
2006,8,1,1.37259
2006,8,2,1.37401
2006,8,3,1.37760
2006,8,4,1.37972
2006,8,5,1.38555
2006,8,6,1.41112
2006,8,7,1.44154
2006,8,8,1.49179
2006,8,9,1.56427
2006,8,10,1.63307
2006,8,11,1.73729
2006,8,12,1.83806
2006,8,13,1.90686
2006,8,14,1.97022
2006,8,15,2.02914
2006,8,16,2.05008
2006,8,17,2.04827
2006,8,18,2.03215
2006,8,19,2.00680
2006,8,20,1.97429
2006,8,21,1.94102
2006,8,22,1.90574
2006,8,23,1.86539
2006,8,24,1.82426
2006,8,25,1.78252
2006,8,26,1.74794
2006,8,27,1.71836
2006,8,28,1.69239
2006,8,29,1.67933
2006,8,30,1.68127
2006,8,31,1.70236
2006,9,1,1.72360
2006,9,2,1.73331
2006,9,3,1.73179
2006,9,4,1.71950
2006,9,5,1.70583
2006,9,6,1.68177
2006,9,7,1.65692
2006,9,8,1.62541
2006,9,9,1.59457
2006,9,10,1.56374
2006,9,11,1.53359
2006,9,12,1.49775
2006,9,13,1.46638
2006,9,14,1.43477
2006,9,15,1.40540
2006,9,16,1.37602
2006,9,17,1.35158
2006,9,18,1.34932
2006,9,19,1.37551
2006,9,20,1.42102
2006,9,21,1.46298
2006,9,22,1.49499
2006,9,23,1.51930
2006,9,24,1.53210
2006,9,25,1.53661
2006,9,26,1.53456
2006,9,27,1.53113
2006,9,28,1.53122
2006,9,29,1.52993
2006,9,30,1.53141
2006,10,1,1.53089
2006,10,2,1.52676
2006,10,3,1.52340
2006,10,4,1.51063
2006,10,5,1.50003
2006,10,6,1.49643
2006,10,7,1.49620
2006,10,8,1.49897
2006,10,9,1.49882
2006,10,10,1.49313
2006,10,11,1.48589
2006,10,12,1.47588
2006,10,13,1.46742
2006,10,14,1.45448
2006,10,15,1.44024
2006,10,16,1.42092
2006,10,17,1.40375
2006,10,18,1.38303
2006,10,19,1.36086
2006,10,20,1.33646
2006,10,21,1.30851
2006,10,22,1.28350
2006,10,23,1.26048
2006,10,24,1.23823
2006,10,25,1.21876
2006,10,26,1.19720
2006,10,27,1.17488
2006,10,28,1.15264
2006,10,29,1.12901
2006,10,30,1.10884
2006,10,31,1.09435
2006,11,1,1.08149
2006,11,2,1.07417
2006,11,3,1.08525
2006,11,4,1.09419
2006,11,5,1.10467
2006,11,6,1.12023
2006,11,7,1.14270
2006,11,8,1.17786
2006,11,9,1.21286
2006,11,10,1.24870
2006,11,11,1.30716
2006,11,12,1.36899
2006,11,13,1.43305
2006,11,14,1.50844
2006,11,15,1.57484
2006,11,16,1.62430
2006,11,17,1.66042
2006,11,18,1.68419
2006,11,19,1.69808
2006,11,20,1.71977
2006,11,21,1.75390
2006,11,22,1.82736
2006,11,23,2.08721
2006,11,24,2.42984
2006,11,25,2.72675
2006,11,26,2.99393
2006,11,27,3.18459
2006,11,28,3.31188
2006,11,29,3.41768
2006,11,30,3.51002
2006,12,1,3.56974
2006,12,2,3.59154
2006,12,3,3.58740
2006,12,4,3.56703
2006,12,5,3.53327
2006,12,6,3.49173
2006,12,7,3.44405
2006,12,8,3.38920
2006,12,9,3.32951
2006,12,10,3.28671
2006,12,11,3.26811
2006,12,12,3.25987
2006,12,13,3.25240
2006,12,14,3.23860
2006,12,15,3.22038
2006,12,16,3.19853
2006,12,17,3.18234
2006,12,18,3.23626
2006,12,19,4.14395
2006,12,20,5.51090
2006,12,21,6.31507
2006,12,22,6.62595
2006,12,23,6.69259
2006,12,24,6.64189
2006,12,25,6.52836
2006,12,26,6.37843
2006,12,27,6.19811
2006,12,28,6.00607
2006,12,29,5.80229
2006,12,30,5.59666
2006,12,31,5.39295
2007,1,1,5.20318
2007,1,2,5.04419
2007,1,3,4.99903
2007,1,4,5.01775
2007,1,5,5.01263
2007,1,6,4.98247
2007,1,7,4.93616
2007,1,8,4.87787
2007,1,9,4.81978
2007,1,10,4.77509
2007,1,11,4.75407
2007,1,12,4.77256
2007,1,13,4.87414
2007,1,14,4.99394
2007,1,15,5.07001
2007,1,16,5.08321
2007,1,17,5.05782
2007,1,18,5.01574
2007,1,19,5.01790
2007,1,20,5.17278
2007,1,21,5.44032
2007,1,22,5.67475
2007,1,23,5.82501
2007,1,24,6.24435
2007,1,25,7.46502
2007,1,26,8.56064
2007,1,27,9.06493
2007,1,28,9.16109
2007,1,29,9.06231
2007,1,30,8.89084
2007,1,31,8.69286
2007,2,1,8.49738
2007,2,2,8.31470
2007,2,3,8.11279
2007,2,4,7.88800
2007,2,5,7.65020
2007,2,6,7.40182
2007,2,7,7.19575
2007,2,8,7.22054
2007,2,9,7.67888
2007,2,10,8.38146
2007,2,11,9.22909
2007,2,12,9.85207
2007,2,13,10.3947
2007,2,14,11.7058
2007,2,15,12.3921
2007,2,16,12.3367
2007,2,17,12.0086
2007,2,18,11.5667
2007,2,19,11.1359
2007,2,20,10.8846
2007,2,21,10.6473
2007,2,22,10.3771
2007,2,23,10.1694
2007,2,24,9.93726
2007,2,25,9.70774
2007,2,26,9.69066
2007,2,27,10.7858
2007,2,28,11.8629
2007,3,1,12.0239
2007,3,2,12.0410
2007,3,3,12.2379
2007,3,4,12.1521
2007,3,5,11.9392
2007,3,6,11.6771
2007,3,7,11.2943
2007,3,8,10.7703
2007,3,9,10.2435
2007,3,10,9.82109
2007,3,11,9.42468
2007,3,12,8.99581
2007,3,13,8.51709
2007,3,14,8.06288
2007,3,15,7.69914
2007,3,16,7.34401
2007,3,17,6.97399
2007,3,18,6.63238
2007,3,19,6.36621
2007,3,20,6.20563
2007,3,21,6.66524
2007,3,22,7.38663
2007,3,23,8.08751
2007,3,24,8.56070
2007,3,25,9.16468
2007,3,26,10.1666
2007,3,27,11.4004
2007,3,28,12.5098
2007,3,29,13.5019
2007,3,30,13.9200
2007,3,31,14.0218
2007,4,1,13.9924
2007,4,2,13.8236
2007,4,3,13.3726
2007,4,4,12.7299
2007,4,5,12.1407
2007,4,6,11.6749
2007,4,7,11.1224
2007,4,8,10.5601
2007,4,9,10.1220
2007,4,10,9.64112
2007,4,11,9.19184
2007,4,12,8.85472
2007,4,13,8.46578
2007,4,14,8.11104
2007,4,15,7.83788
2007,4,16,7.52002
2007,4,17,7.21710
2007,4,18,6.97623
2007,4,19,6.72882
2007,4,20,6.51258
2007,4,21,6.39054
2007,4,22,6.21075
2007,4,23,6.06005
2007,4,24,5.92214
2007,4,25,5.86117
2007,4,26,5.98000
2007,4,27,5.91982
2007,4,28,5.81512
2007,4,29,5.70928
2007,4,30,5.69893
2007,5,1,5.99362
2007,5,2,6.27953
2007,5,3,6.57690
2007,5,4,7.21548
2007,5,5,7.80548
2007,5,6,8.74889
2007,5,7,9.51515
2007,5,8,10.0037
2007,5,9,9.97686
2007,5,10,9.48862
2007,5,11,8.76407
2007,5,12,7.95765
2007,5,13,7.14599
2007,5,14,6.39804
2007,5,15,5.72939
2007,5,16,5.16045
2007,5,17,4.67805
2007,5,18,4.29420
2007,5,19,3.98875
2007,5,20,3.74014
2007,5,21,3.52285
2007,5,22,3.33909
2007,5,23,3.17301
2007,5,24,3.04358
2007,5,25,2.93212
2007,5,26,2.83822
2007,5,27,2.75524
2007,5,28,2.68403
2007,5,29,2.64792
2007,5,30,2.65761
2007,5,31,2.67154
2007,6,1,2.67865
2007,6,2,2.67268
2007,6,3,2.66135
2007,6,4,2.66377
2007,6,5,2.70949
2007,6,6,2.76667
2007,6,7,2.83969
2007,6,8,2.97467
2007,6,9,3.23164
2007,6,10,3.41254
2007,6,11,3.47090
2007,6,12,3.49432
2007,6,13,3.55121
2007,6,14,3.61166
2007,6,15,3.62114
2007,6,16,3.60594
2007,6,17,3.56243
2007,6,18,3.50251
2007,6,19,3.41699
2007,6,20,3.31154
2007,6,21,3.19617
2007,6,22,3.07657
2007,6,23,2.95527
2007,6,24,2.82045
2007,6,25,2.69454
2007,6,26,2.57572
2007,6,27,2.46320
2007,6,28,2.35408
2007,6,29,2.25065
2007,6,30,2.16106
2007,7,1,2.07948
2007,7,2,1.99930
2007,7,3,1.91817
2007,7,4,1.83628
2007,7,5,1.76112
2007,7,6,1.69019
2007,7,7,1.62461
2007,7,8,1.55818
2007,7,9,1.49467
2007,7,10,1.43687
2007,7,11,1.38584
2007,7,12,1.33902
2007,7,13,1.29761
2007,7,14,1.25896
2007,7,15,1.22047
2007,7,16,1.18112
2007,7,17,1.14104
2007,7,18,1.10239
2007,7,19,1.06589
2007,7,20,1.03082
2007,7,21,0.996479
2007,7,22,0.964299
2007,7,23,0.933503
2007,7,24,0.901323
2007,7,25,0.874149
2007,7,26,0.844130
2007,7,27,0.819025
2007,7,28,0.793235
2007,7,29,0.768906
2007,7,30,0.749583
2007,7,31,0.723718
2007,8,1,0.702234
2007,8,2,0.680749
2007,8,3,0.662127
2007,8,4,0.644872
2007,8,5,0.627617
2007,8,6,0.617605
2007,8,7,0.601126
2007,8,8,0.586716
2007,8,9,0.571866
2007,8,10,0.563070
2007,8,11,0.551504
2007,8,12,0.538572
2007,8,13,0.528559
2007,8,14,0.518547
2007,8,15,0.507683
2007,8,16,0.499055
2007,8,17,0.486806
2007,8,18,0.479563
2007,8,19,0.470252
2007,8,20,0.461625
2007,8,21,0.454382
2007,8,22,0.444902
2007,8,23,0.435667
2007,8,24,0.427647
2007,8,25,0.417635
2007,8,26,0.410392
2007,8,27,0.402466
2007,8,28,0.393062
2007,8,29,0.385819
2007,8,30,0.377191
2007,8,31,0.368488
2007,9,1,0.361245
2007,9,2,0.355462
2007,9,3,0.348996
2007,9,4,0.343213
2007,9,5,0.336747
2007,9,6,0.335194
2007,9,7,0.335194
2007,9,8,0.337963
2007,9,9,0.339254
2007,9,10,0.342099
2007,9,11,0.347012
2007,9,12,0.351241
2007,9,13,0.357965
2007,9,14,0.361843
2007,9,15,0.366756
2007,9,16,0.369601
2007,9,17,0.373129
2007,9,18,0.371425
2007,9,19,0.371575
2007,9,20,0.374345
2007,9,21,0.380034
2007,9,22,0.382803
2007,9,23,0.386331
2007,9,24,0.386939
2007,9,25,0.389709
2007,9,26,0.391169
2007,9,27,0.401714
2007,9,28,0.427051
2007,9,29,0.487224
2007,9,30,0.551338
2007,10,1,0.599732
2007,10,2,0.636103
2007,10,3,0.664651
2007,10,4,0.684647
2007,10,5,0.701144
2007,10,6,0.712541
2007,10,7,0.732565
2007,10,8,0.762452
2007,10,9,0.800264
2007,10,10,0.838929
2007,10,11,0.888915
2007,10,12,0.970856
2007,10,13,1.05306
2007,10,14,1.12643
2007,10,15,1.18309
2007,10,16,1.22153
2007,10,17,1.24541
2007,10,18,1.25997
2007,10,19,1.26668
2007,10,20,1.27546
2007,10,21,1.28149
2007,10,22,1.29786
2007,10,23,1.36355
2007,10,24,1.47783
2007,10,25,1.63461
2007,10,26,1.83993
2007,10,27,2.11498
2007,10,28,2.47579
2007,10,29,2.94794
2007,10,30,3.45762
2007,10,31,3.84031
2007,11,1,4.64090
2007,11,2,5.72707
2007,11,3,6.34805
2007,11,4,6.56652
2007,11,5,6.58841
2007,11,6,6.51628
2007,11,7,6.39359
2007,11,8,6.23716
2007,11,9,6.06255
2007,11,10,5.98042
2007,11,11,6.01173
2007,11,12,6.07653
2007,11,13,6.26663
2007,11,14,6.41100
2007,11,15,6.87040
2007,11,16,7.91775
2007,11,17,8.67792
2007,11,18,9.25375
2007,11,19,9.50087
2007,11,20,9.46866
2007,11,21,9.29625
2007,11,22,9.08638
2007,11,23,8.87435
2007,11,24,8.74949
2007,11,25,8.83293
2007,11,26,10.7346
2007,11,27,14.9228
2007,11,28,15.9726
2007,11,29,15.6769
2007,11,30,15.2770
2007,12,1,15.2312
2007,12,2,15.0234
2007,12,3,14.6128
2007,12,4,14.4467
2007,12,5,14.4745
2007,12,6,14.1518
2007,12,7,13.5826
2007,12,8,12.9117
2007,12,9,12.3992
2007,12,10,12.1233
2007,12,11,12.0662
2007,12,12,11.9292
2007,12,13,11.6397
2007,12,14,11.2194
2007,12,15,10.7168
2007,12,16,10.1678
2007,12,17,9.60889
2007,12,18,9.06015
2007,12,19,8.53833
2007,12,20,8.04973
2007,12,21,7.59072
2007,12,22,7.16469
2007,12,23,6.77840
2007,12,24,6.43371
2007,12,25,6.12330
2007,12,26,5.85035
2007,12,27,5.61543
2007,12,28,5.40103
2007,12,29,5.20040
2007,12,30,5.00987
2007,12,31,4.83149
2008,1,1,4.66476
2008,1,2,4.50094
2008,1,3,4.34729
2008,1,4,4.20027
2008,1,5,4.05984
2008,1,6,3.99885
2008,1,7,4.30197
2008,1,8,4.74192
2008,1,9,5.07178
2008,1,10,5.25873
2008,1,11,5.33430
2008,1,12,5.36690
2008,1,13,5.40037
2008,1,14,5.55089
2008,1,15,5.84667
2008,1,16,6.05572
2008,1,17,6.26525
2008,1,18,6.64784
2008,1,19,7.02707
2008,1,20,7.26827
2008,1,21,7.36415
2008,1,22,7.33173
2008,1,23,7.24476
2008,1,24,7.11320
2008,1,25,6.94154
2008,1,26,6.74046
2008,1,27,6.52667
2008,1,28,6.31014
2008,1,29,6.09316
2008,1,30,5.87207
2008,1,31,5.65316
2008,2,1,5.44737
2008,2,2,5.26489
2008,2,3,5.10902
2008,2,4,4.99722
2008,2,5,5.01388
2008,2,6,5.28617
2008,2,7,5.59633
2008,2,8,5.84430
2008,2,9,5.96518
2008,2,10,5.97004
2008,2,11,5.91466
2008,2,12,5.81915
2008,2,13,5.69207
2008,2,14,5.54912
2008,2,15,5.39615
2008,2,16,5.24370
2008,2,17,5.09281
2008,2,18,4.93899
2008,2,19,4.77656
2008,2,20,4.62529
2008,2,21,4.49725
2008,2,22,4.39291
2008,2,23,4.31519
2008,2,24,4.25464
2008,2,25,4.21536
2008,2,26,4.17416
2008,2,27,4.14443
2008,2,28,4.11563
2008,2,29,4.07001
2008,3,1,4.02206
2008,3,2,4.05021
2008,3,3,4.13771
2008,3,4,4.16769
2008,3,5,4.26645
2008,3,6,4.62474
2008,3,7,5.02151
2008,3,8,5.56765
2008,3,9,6.35185
2008,3,10,7.05038
2008,3,11,7.71388
2008,3,12,8.64598
2008,3,13,8.99629
2008,3,14,8.95990
2008,3,15,8.72638
2008,3,16,8.34306
2008,3,17,8.02681
2008,3,18,8.06723
2008,3,19,8.29182
2008,3,20,8.52750
2008,3,21,8.60082
2008,3,22,8.76678
2008,3,23,9.89512
2008,3,24,11.8299
2008,3,25,13.0908
2008,3,26,13.2771
2008,3,27,12.9232
2008,3,28,12.3690
2008,3,29,11.6927
2008,3,30,10.9349
2008,3,31,10.2452
2008,4,1,9.71737
2008,4,2,9.26825
2008,4,3,8.90671
2008,4,4,8.57261
2008,4,5,8.22452
2008,4,6,7.90647
2008,4,7,7.66436
2008,4,8,7.41594
2008,4,9,7.31798
2008,4,10,7.50341
2008,4,11,7.87485
2008,4,12,8.36635
2008,4,13,8.40471
2008,4,14,8.28581
2008,4,15,8.15235
2008,4,16,8.24809
2008,4,17,8.57938
2008,4,18,8.73356
2008,4,19,9.48674
2008,4,20,10.4150
2008,4,21,10.1830
2008,4,22,9.60944
2008,4,23,8.99377
2008,4,24,8.51146
2008,4,25,8.06680
2008,4,26,7.59688
2008,4,27,7.12652
2008,4,28,6.66778
2008,4,29,6.22388
2008,4,30,5.81036
2008,5,1,5.43770
2008,5,2,5.09397
2008,5,3,4.77623
2008,5,4,4.49326
2008,5,5,4.23791
2008,5,6,4.03120
2008,5,7,3.90016
2008,5,8,3.80069
2008,5,9,3.69595
2008,5,10,3.58591
2008,5,11,3.47145
2008,5,12,3.35701
2008,5,13,3.23670
2008,5,14,3.12197
2008,5,15,3.00864
2008,5,16,2.89515
2008,5,17,2.78599
2008,5,18,2.67938
2008,5,19,2.57777
2008,5,20,2.49334
2008,5,21,2.41671
2008,5,22,2.35649
2008,5,23,2.31054
2008,5,24,2.27805
2008,5,25,2.24677
2008,5,26,2.21842
2008,5,27,2.17996
2008,5,28,2.13942
2008,5,29,2.09093
2008,5,30,2.04144
2008,5,31,1.98652
2008,6,1,1.92198
2008,6,2,1.86787
2008,6,3,1.81722
2008,6,4,1.78159
2008,6,5,1.76142
2008,6,6,1.77050
2008,6,7,1.80611
2008,6,8,1.86135
2008,6,9,1.92392
2008,6,10,1.98399
2008,6,11,2.01901
2008,6,12,2.03922
2008,6,13,2.05180
2008,6,14,2.11727
2008,6,15,2.24685
2008,6,16,2.40100
2008,6,17,2.49325
2008,6,18,2.52715
2008,6,19,2.51945
2008,6,20,2.49224
2008,6,21,2.45001
2008,6,22,2.39753
2008,6,23,2.33873
2008,6,24,2.27131
2008,6,25,2.20381
2008,6,26,2.13862
2008,6,27,2.06482
2008,6,28,1.99576
2008,6,29,1.92378
2008,6,30,1.85458
2008,7,1,1.78984
2008,7,2,1.73357
2008,7,3,1.67869
2008,7,4,1.62251
2008,7,5,1.57773
2008,7,6,1.53287
2008,7,7,1.49085
2008,7,8,1.44453
2008,7,9,1.40259
2008,7,10,1.35989
2008,7,11,1.32011
2008,7,12,1.28113
2008,7,13,1.23782
2008,7,14,1.20176
2008,7,15,1.16501
2008,7,16,1.12756
2008,7,17,1.09366
2008,7,18,1.05837
2008,7,19,1.02809
2008,7,20,0.994968
2008,7,21,0.965464
2008,7,22,0.939885
2008,7,23,0.920848
2008,7,24,0.906494
2008,7,25,0.895780
2008,7,26,0.887210
2008,7,27,0.880099
2008,7,28,0.879455
2008,7,29,0.872176
2008,7,30,0.867910
2008,7,31,0.860724
2008,8,1,0.853538
2008,8,2,0.848514
2008,8,3,0.844874
2008,8,4,0.847663
2008,8,5,0.847607
2008,8,6,0.848898
2008,8,7,0.848463
2008,8,8,0.850948
2008,8,9,0.853016
2008,8,10,0.855767
2008,8,11,0.857835
2008,8,12,0.854214
2008,8,13,0.849816
2008,8,14,0.842497
2008,8,15,0.830248
2008,8,16,0.818701
2008,8,17,0.808613
2008,8,18,0.794904
2008,8,19,0.781897
2008,8,20,0.768964
2008,8,21,0.753795
2008,8,22,0.739403
2008,8,23,0.725011
2008,8,24,0.708116
2008,8,25,0.694065
2008,8,26,0.683294
2008,8,27,0.669754
2008,8,28,0.658814
2008,8,29,0.649503
2008,8,30,0.641568
2008,8,31,0.633633
2008,9,1,0.623545
2008,9,2,0.617687
2008,9,3,0.609060
2008,9,4,0.601817
2008,9,5,0.593493
2008,9,6,0.583710
2008,9,7,0.571461
2008,9,8,0.564218
2008,9,9,0.554738
2008,9,10,0.543228
2008,9,11,0.532326
2008,9,12,0.523699
2008,9,13,0.515071
2008,9,14,0.508530
2008,9,15,0.513367
2008,9,16,0.555360
2008,9,17,0.625818
2008,9,18,0.690737
2008,9,19,0.744597
2008,9,20,0.785676
2008,9,21,0.821215
2008,9,22,0.852618
2008,9,23,0.879699
2008,9,24,0.903859
2008,9,25,0.928095
2008,9,26,0.951629
2008,9,27,0.977551
2008,9,28,1.00596
2008,9,29,1.03514
2008,9,30,1.06036
2008,10,1,1.07843
2008,10,2,1.09358
2008,10,3,1.10642
2008,10,4,1.11867
2008,10,5,1.16130
2008,10,6,1.24057
2008,10,7,1.30753
2008,10,8,1.35742
2008,10,9,1.38984
2008,10,10,1.41303
2008,10,11,1.43197
2008,10,12,1.44522
2008,10,13,1.44839
2008,10,14,1.44725
2008,10,15,1.44063
2008,10,16,1.43118
2008,10,17,1.42134
2008,10,18,1.41365
2008,10,19,1.40796
2008,10,20,1.40305
2008,10,21,1.39736
2008,10,22,1.39107
2008,10,23,1.37969
2008,10,24,1.37123
2008,10,25,1.36201
2008,10,26,1.35416
2008,10,27,1.34217
2008,10,28,1.33296
2008,10,29,1.32666
2008,10,30,1.36722
2008,10,31,1.52717
2008,11,1,1.69961
2008,11,2,1.84717
2008,11,3,1.97493
2008,11,4,2.06278
2008,11,5,2.11131
2008,11,6,2.13402
2008,11,7,2.14196
2008,11,8,2.15406
2008,11,9,2.19780
2008,11,10,2.24456
2008,11,11,2.27593
2008,11,12,2.29250
2008,11,13,2.29425
2008,11,14,2.29026
2008,11,15,2.28923
2008,11,16,2.29009
2008,11,17,2.29094
2008,11,18,2.28515
2008,11,19,2.27287
2008,11,20,2.25680
2008,11,21,2.23719
2008,11,22,2.23514
2008,11,23,2.29456
2008,11,24,2.35517
2008,11,25,2.49151
2008,11,26,3.24959
2008,11,27,4.13293
2008,11,28,4.63561
2008,11,29,5.35571
2008,11,30,7.10669
2008,12,1,9.12685
2008,12,2,11.0791
2008,12,3,12.4427
2008,12,4,16.0368
2008,12,5,21.3668
2008,12,6,23.8104
2008,12,7,25.1350
2008,12,8,24.4232
2008,12,9,22.6250
2008,12,10,20.3994
2008,12,11,18.2954
2008,12,12,16.7425
2008,12,13,15.6239
2008,12,14,14.8110
2008,12,15,14.0756
2008,12,16,13.3317
2008,12,17,12.5763
2008,12,18,15.7383
2008,12,19,18.6831
2008,12,20,18.6527
2008,12,21,17.7461
2008,12,22,16.4280
2008,12,23,15.0080
2008,12,24,13.6532
2008,12,25,12.4336
2008,12,26,11.3564
2008,12,27,10.4149
2008,12,28,9.59342
2008,12,29,8.86942
2008,12,30,8.23046
2008,12,31,7.66551
2009,1,1,7.17166
2009,1,2,6.76521
2009,1,3,6.45718
2009,1,4,6.18783
2009,1,5,5.93957
2009,1,6,5.70357
2009,1,7,5.47775
2009,1,8,5.27060
2009,1,9,5.10202
2009,1,10,4.95484
2009,1,11,4.80991
2009,1,12,4.66439
2009,1,13,4.52360
2009,1,14,6.09209
2009,1,15,5.28032
2009,1,16,6.09003
2009,1,17,6.59098
2009,1,18,6.77271
2009,1,19,6.79702
2009,1,20,6.81533
2009,1,21,7.21585
2009,1,22,9.43428
2009,1,23,13.4611
2009,1,24,15.8676
2009,1,25,17.4092
2009,1,26,18.7207
2009,1,27,18.9885
2009,1,28,20.5185
2009,1,29,20.4090
2009,1,30,19.3470
2009,1,31,17.9073
2009,2,1,16.3769
2009,2,2,14.9484
2009,2,3,13.7754
2009,2,4,12.8871
2009,2,5,12.2501
2009,2,6,11.7869
2009,2,7,11.4231
2009,2,8,11.3166
2009,2,9,11.7728
2009,2,10,11.9241
2009,2,11,11.7980
2009,2,12,11.8017
2009,2,13,11.7170
2009,2,14,11.3966
2009,2,15,10.9463
2009,2,16,10.4152
2009,2,17,9.84875
2009,2,18,9.29641
2009,2,19,8.81871
2009,2,20,8.38411
2009,2,21,7.96160
2009,2,22,7.54975
2009,2,23,7.15516
2009,2,24,6.77887
2009,2,25,6.42917
2009,2,26,6.10969
2009,2,27,5.82544
2009,2,28,5.58388
2009,3,1,5.37295
2009,3,2,5.22287
2009,3,3,5.18226
2009,3,4,5.35629
2009,3,5,6.13768
2009,3,6,8.34048
2009,3,7,10.1428
2009,3,8,10.9577
2009,3,9,11.0005
2009,3,10,10.8450
2009,3,11,10.6537
2009,3,12,10.3916
2009,3,13,10.0785
2009,3,14,9.73395
2009,3,15,9.37983
2009,3,16,9.02416
2009,3,17,8.67050
2009,3,18,8.30763
2009,3,19,7.94253
2009,3,20,7.59615
2009,3,21,7.27066
2009,3,22,6.96208
2009,3,23,6.69330
2009,3,24,6.47580
2009,3,25,6.37517
2009,3,26,6.36631
2009,3,27,6.37200
2009,3,28,6.46519
2009,3,29,6.75371
2009,3,30,7.51847
2009,3,31,8.60431
2009,4,1,9.39563
2009,4,2,10.1224
2009,4,3,11.1160
2009,4,4,12.6797
2009,4,5,13.7762
2009,4,6,14.1704
2009,4,7,14.1358
2009,4,8,13.5951
2009,4,9,12.7882
2009,4,10,12.0254
2009,4,11,11.4634
2009,4,12,10.8672
2009,4,13,10.2173
2009,4,14,9.66780
2009,4,15,9.28717
2009,4,16,8.90586
2009,4,17,8.46690
2009,4,18,8.10377
2009,4,19,7.85930
2009,4,20,7.61022
2009,4,21,7.44274
2009,4,22,7.62184
2009,4,23,7.75192
2009,4,24,7.75595
2009,4,25,7.72836
2009,4,26,7.53909
2009,4,27,7.34553
2009,4,28,7.38445
2009,4,29,7.62590
2009,4,30,7.66723
2009,5,1,7.98008
2009,5,2,8.54951
2009,5,3,8.59368
2009,5,4,8.51657
2009,5,5,8.44129
2009,5,6,8.25388
2009,5,7,8.08046
2009,5,8,8.00076
2009,5,9,7.77527
2009,5,10,7.39902
2009,5,11,6.97353
2009,5,12,6.53263
2009,5,13,6.10018
2009,5,14,5.67330
2009,5,15,5.26542
2009,5,16,4.87877
2009,5,17,4.54251
2009,5,18,4.24478
2009,5,19,3.96975
2009,5,20,3.72772
2009,5,21,3.50715
2009,5,22,3.30888
2009,5,23,3.13354
2009,5,24,2.96822
2009,5,25,2.82044
2009,5,26,2.68451
2009,5,27,2.56535
2009,5,28,2.48221
2009,5,29,2.42706
2009,5,30,2.40777
2009,5,31,2.38349
2009,6,1,2.35654
2009,6,2,2.35843
2009,6,3,2.46871
2009,6,4,2.62233
2009,6,5,2.72982
2009,6,6,2.79596
2009,6,7,2.80536
2009,6,8,2.77674
2009,6,9,2.72050
2009,6,10,2.65488
2009,6,11,2.57579
2009,6,12,2.49102
2009,6,13,2.40746
2009,6,14,2.32252
2009,6,15,2.23550
2009,6,16,2.14475
2009,6,17,2.05822
2009,6,18,1.97381
2009,6,19,1.89579
2009,6,20,1.82615
2009,6,21,1.76221
2009,6,22,1.71806
2009,6,23,1.71297
2009,6,24,1.75593
2009,6,25,1.80234
2009,6,26,1.86190
2009,6,27,1.95056
2009,6,28,2.06321
2009,6,29,2.19892
2009,6,30,2.35333
2009,7,1,2.50400
2009,7,2,2.65083
2009,7,3,2.80019
2009,7,4,2.96405
2009,7,5,3.10077
2009,7,6,3.19465
2009,7,7,3.29316
2009,7,8,3.39878
2009,7,9,3.45524
2009,7,10,3.47496
2009,7,11,3.53295
2009,7,12,3.65842
2009,7,13,3.71563
2009,7,14,3.69148
2009,7,15,3.61412
2009,7,16,3.51452
2009,7,17,3.40700
2009,7,18,3.29009
2009,7,19,3.16940
2009,7,20,3.04701
2009,7,21,2.92238
2009,7,22,2.79398
2009,7,23,2.66774
2009,7,24,2.54703
2009,7,25,2.42988
2009,7,26,2.32627
2009,7,27,2.22766
2009,7,28,2.13036
2009,7,29,2.03566
2009,7,30,1.94699
2009,7,31,1.86177
2009,8,1,1.78294
2009,8,2,1.70696
2009,8,3,1.63737
2009,8,4,1.55992
2009,8,5,1.50110
2009,8,6,1.44651
2009,8,7,1.39761
2009,8,8,1.35153
2009,8,9,1.30701
2009,8,10,1.27034
2009,8,11,1.23797
2009,8,12,1.21645
2009,8,13,1.20138
2009,8,14,1.18924
2009,8,15,1.17849
2009,8,16,1.16491
2009,8,17,1.14986
2009,8,18,1.13405
2009,8,19,1.11677
2009,8,20,1.09874
2009,8,21,1.07716
2009,8,22,1.05266
2009,8,23,1.02671
2009,8,24,1.00799
2009,8,25,0.989959
2009,8,26,0.973387
2009,8,27,0.956132
2009,8,28,0.940337
2009,8,29,0.923082
2009,8,30,0.905752
2009,8,31,0.888496
2009,9,1,0.874437
2009,9,2,0.858917
2009,9,3,0.843748
2009,9,4,0.823573
2009,9,5,0.810641
2009,9,6,0.797245
2009,9,7,0.785992
2009,9,8,0.778824
2009,9,9,0.768737
2009,9,10,0.764414
2009,9,11,0.757171
2009,9,12,0.749151
2009,9,13,0.744145
2009,9,14,0.741207
2009,9,15,0.736809
2009,9,16,0.736032
2009,9,17,0.733720
2009,9,18,0.732868
2009,9,19,0.735713
2009,9,20,0.736321
2009,9,21,0.736321
2009,9,22,0.733232
2009,9,23,0.730995
2009,9,24,0.725876
2009,9,25,0.720757
2009,9,26,0.714291
2009,9,27,0.707048
2009,9,28,0.701208
2009,9,29,0.691045
2009,9,30,0.685205
2009,10,1,0.676596
2009,10,2,0.669202
2009,10,3,0.671972
2009,10,4,0.703526
2009,10,5,0.738000
2009,10,6,0.771014
2009,10,7,0.795493
2009,10,8,0.815593
2009,10,9,0.827066
2009,10,10,0.832849
2009,10,11,0.838556
2009,10,12,0.851507
2009,10,13,0.987809
2009,10,14,1.24863
2009,10,15,1.45911
2009,10,16,1.62148
2009,10,17,1.75690
2009,10,18,1.88227
2009,10,19,2.02990
2009,10,20,2.24310
2009,10,21,2.53953
2009,10,22,2.95710
2009,10,23,3.95730
2009,10,24,6.66780
2009,10,25,8.84518
2009,10,26,9.78083
2009,10,27,10.3923
2009,10,28,10.5149
2009,10,29,10.3293
2009,10,30,9.97258
2009,10,31,9.51602
2009,11,1,9.01481
2009,11,2,8.49466
2009,11,3,8.02913
2009,11,4,7.86490
2009,11,5,7.90430
2009,11,6,9.12929
2009,11,7,18.4681
2009,11,8,23.0780
2009,11,9,24.8077
2009,11,10,24.7261
2009,11,11,24.5089
2009,11,12,23.2218
2009,11,13,21.1962
2009,11,14,18.9792
2009,11,15,16.8875
2009,11,16,15.0516
2009,11,17,13.4659
2009,11,18,12.1433
2009,11,19,11.1098
2009,11,20,10.2688
2009,11,21,9.53853
2009,11,22,8.87165
2009,11,23,8.26695
2009,11,24,7.71224
2009,11,25,7.21168
2009,11,26,6.75426
2009,11,27,6.33309
2009,11,28,5.96183
2009,11,29,5.70212
2009,11,30,5.51750
2009,12,1,5.39431
2009,12,2,5.65300
2009,12,3,6.17098
2009,12,4,6.47643
2009,12,5,6.55821
2009,12,6,6.52122
2009,12,7,6.42789
2009,12,8,6.29277
2009,12,9,6.15489
2009,12,10,6.09735
2009,12,11,6.04684
2009,12,12,5.96750
2009,12,13,5.85996
2009,12,14,5.73778
2009,12,15,5.71730
2009,12,16,6.09312
2009,12,17,6.53840
2009,12,18,6.88938
2009,12,19,7.10857
2009,12,20,7.56778
2009,12,21,7.82685
2009,12,22,7.81369
2009,12,23,8.27620
2009,12,24,10.1429
2009,12,25,12.9078
2009,12,26,15.1782
2009,12,27,18.7007
2009,12,28,23.4627
2009,12,29,23.5789
2009,12,30,22.2068
2009,12,31,20.6960
2010,1,1,19.4163
2010,1,2,18.8013
2010,1,3,18.8885
2010,1,4,18.5753
2010,1,5,17.7764
2010,1,6,17.7163
2010,1,7,19.2214
2010,1,8,19.8916
2010,1,9,20.1163
2010,1,10,21.9620
2010,1,11,22.1474
2010,1,12,21.2794
2010,1,13,19.8430
2010,1,14,18.1423
2010,1,15,16.4642
2010,1,16,14.9271
2010,1,17,13.5483
2010,1,18,12.3403
2010,1,19,11.2798
2010,1,20,10.3470
2010,1,21,9.52373
2010,1,22,8.79703
2010,1,23,8.15786
2010,1,24,7.59058
2010,1,25,7.08699
2010,1,26,6.64244
2010,1,27,6.25018
2010,1,28,5.92213
2010,1,29,5.65103
2010,1,30,5.42315
2010,1,31,5.33000
2010,2,1,5.48853
2010,2,2,5.66086
2010,2,3,5.70589
2010,2,4,5.66874
2010,2,5,5.59729
2010,2,6,5.68878
2010,2,7,6.52398
2010,2,8,7.28646
2010,2,9,7.51446
2010,2,10,7.51616
2010,2,11,7.54410
2010,2,12,7.75313
2010,2,13,8.30590
2010,2,14,8.74564
2010,2,15,8.76658
2010,2,16,8.63310
2010,2,17,8.55009
2010,2,18,9.11435
2010,2,19,10.2318
2010,2,20,12.0740
2010,2,21,16.1418
2010,2,22,18.0173
2010,2,23,18.3117
2010,2,24,20.5778
2010,2,25,22.6806
2010,2,26,22.7411
2010,2,27,21.8930
2010,2,28,20.9233
2010,3,1,19.5624
2010,3,2,18.5492
2010,3,3,18.3270
2010,3,4,17.8881
2010,3,5,17.8796
2010,3,6,17.5879
2010,3,7,16.8102
2010,3,8,15.7744
2010,3,9,14.6417
2010,3,10,13.5757
2010,3,11,13.0176
2010,3,12,13.2112
2010,3,13,13.4444
2010,3,14,13.2406
2010,3,15,12.8688
2010,3,16,12.3867
2010,3,17,11.9538
2010,3,18,11.5589
2010,3,19,11.1819
2010,3,20,10.7689
2010,3,21,10.3123
2010,3,22,9.87425
2010,3,23,9.51274
2010,3,24,9.28578
2010,3,25,9.20310
2010,3,26,9.21125
2010,3,27,9.28068
2010,3,28,9.37172
2010,3,29,9.45786
2010,3,30,9.40893
2010,3,31,9.20815
2010,4,1,9.11414
2010,4,2,9.10493
2010,4,3,8.94738
2010,4,4,8.66643
2010,4,5,8.39255
2010,4,6,8.40557
2010,4,7,8.32355
2010,4,8,8.13622
2010,4,9,7.97259
2010,4,10,7.74739
2010,4,11,7.58482
2010,4,12,8.01430
2010,4,13,8.65103
2010,4,14,9.65712
2010,4,15,10.6835
2010,4,16,11.8882
2010,4,17,12.6173
2010,4,18,12.4872
2010,4,19,12.7875
2010,4,20,14.4499
2010,4,21,14.6758
2010,4,22,14.2878
2010,4,23,13.7360
2010,4,24,13.1731
2010,4,25,12.9983
2010,4,26,13.1856
2010,4,27,13.3672
2010,4,28,13.4411
2010,4,29,13.1767
2010,4,30,12.4794
2010,5,1,11.5796
2010,5,2,10.7587
2010,5,3,10.0529
2010,5,4,9.35412
2010,5,5,8.66113
2010,5,6,8.02516
2010,5,7,7.47998
2010,5,8,7.01028
2010,5,9,6.59325
2010,5,10,6.19675
2010,5,11,5.83027
2010,5,12,5.47703
2010,5,13,5.15469
2010,5,14,4.85911
2010,5,15,4.64735
2010,5,16,4.79406
2010,5,17,5.55809
2010,5,18,6.27268
2010,5,19,6.65792
2010,5,20,6.71744
2010,5,21,6.63119
2010,5,22,6.48033
2010,5,23,6.31220
2010,5,24,6.13075
2010,5,25,5.92346
2010,5,26,5.68307
2010,5,27,5.41825
2010,5,28,5.15659
2010,5,29,4.90229
2010,5,30,4.70569
2010,5,31,4.55661
2010,6,1,4.49449
2010,6,2,4.48995
2010,6,3,4.50697
2010,6,4,4.58933
2010,6,5,4.65086
2010,6,6,4.63911
2010,6,7,4.56660
2010,6,8,4.45222
2010,6,9,4.31337
2010,6,10,4.14160
2010,6,11,3.96491
2010,6,12,3.79253
2010,6,13,3.62785
2010,6,14,3.46178
2010,6,15,3.29847
2010,6,16,3.13706
2010,6,17,2.98280
2010,6,18,2.83199
2010,6,19,2.70005
2010,6,20,2.57934
2010,6,21,2.48380
2010,6,22,2.42047
2010,6,23,2.37541
2010,6,24,2.33111
2010,6,25,2.29286
2010,6,26,2.26500
2010,6,27,2.23544
2010,6,28,2.21094
2010,6,29,2.18367
2010,6,30,2.15537
2010,7,1,2.13214
2010,7,2,2.12130
2010,7,3,2.12858
2010,7,4,2.12140
2010,7,5,2.10784
2010,7,6,2.08399
2010,7,7,2.06223
2010,7,8,2.02840
2010,7,9,1.99596
2010,7,10,1.96128
2010,7,11,1.92385
2010,7,12,1.88727
2010,7,13,1.84838
2010,7,14,1.79949
2010,7,15,1.75345
2010,7,16,1.70673
2010,7,17,1.66570
2010,7,18,1.63122
2010,7,19,1.60327
2010,7,20,1.57671
2010,7,21,1.55299
2010,7,22,1.53365
2010,7,23,1.52153
2010,7,24,1.51019
2010,7,25,1.49800
2010,7,26,1.49181
2010,7,27,1.48332
2010,7,28,1.48207
2010,7,29,1.47581
2010,7,30,1.46663
2010,7,31,1.45662
2010,8,1,1.45235
2010,8,2,1.44894
2010,8,3,1.44399
2010,8,4,1.43827
2010,8,5,1.43547
2010,8,6,1.43690
2010,8,7,1.42548
2010,8,8,1.41221
2010,8,9,1.39780
2010,8,10,1.37877
2010,8,11,1.35998
2010,8,12,1.34119
2010,8,13,1.32807
2010,8,14,1.31296
2010,8,15,1.29568
2010,8,16,1.27627
2010,8,17,1.25454
2010,8,18,1.23281
2010,8,19,1.21263
2010,8,20,1.18592
2010,8,21,1.16058
2010,8,22,1.13318
2010,8,23,1.10425
2010,8,24,1.07668
2010,8,25,1.04483
2010,8,26,1.01589
2010,8,27,0.985403
2010,8,28,0.950778
2010,8,29,0.924612
2010,8,30,0.898522
2010,8,31,0.874668
2010,9,1,0.856579
2010,9,2,0.837807
2010,9,3,0.820326
2010,9,4,0.804399
2010,9,5,0.791466
2010,9,6,0.778383
2010,9,7,0.765376
2010,9,8,0.752293
2010,9,9,0.741447
2010,9,10,0.732403
2010,9,11,0.735589
2010,9,12,0.750664
2010,9,13,0.759274
2010,9,14,0.775126
2010,9,15,0.785138
2010,9,16,0.789274
2010,9,17,0.792044
2010,9,18,0.791360
2010,9,19,0.789825
2010,9,20,0.786053
2010,9,21,0.786357
2010,9,22,0.786586
2010,9,23,0.784274
2010,9,24,0.782739
2010,9,25,0.781203
2010,9,26,0.802480
2010,9,27,0.861149
2010,9,28,0.926985
2010,9,29,0.987984
2010,9,30,1.04034
2010,10,1,1.08550
2010,10,2,1.12219
2010,10,3,1.15318
2010,10,4,1.17985
2010,10,5,1.20591
2010,10,6,1.29377
2010,10,7,1.49489
2010,10,8,1.67519
2010,10,9,1.80293
2010,10,10,1.88953
2010,10,11,1.94342
2010,10,12,1.97644
2010,10,13,1.99696
2010,10,14,2.07685
2010,10,15,2.31779
2010,10,16,2.55112
2010,10,17,2.78312
2010,10,18,3.02784
2010,10,19,3.25434
2010,10,20,3.50679
2010,10,21,3.74215
2010,10,22,3.91991
2010,10,23,4.00158
2010,10,24,4.01910
2010,10,25,4.07869
2010,10,26,4.68518
2010,10,27,5.47822
2010,10,28,6.17140
2010,10,29,6.50989
2010,10,30,6.60120
2010,10,31,6.57175
2010,11,1,6.47298
2010,11,2,6.34801
2010,11,3,6.26850
2010,11,4,6.21836
2010,11,5,6.14036
2010,11,6,6.00383
2010,11,7,5.82619
2010,11,8,5.67122
2010,11,9,6.02452
2010,11,10,7.74190
2010,11,11,10.8342
2010,11,12,12.1029
2010,11,13,12.0248
2010,11,14,11.5442
2010,11,15,10.8667
2010,11,16,10.1251
2010,11,17,9.43542
2010,11,18,9.00789
2010,11,19,8.72448
2010,11,20,8.56945
2010,11,21,8.42376
2010,11,22,9.27247
2010,11,23,10.7565
2010,11,24,12.2761
2010,11,25,13.6631
2010,11,26,14.4782
2010,11,27,15.5973
2010,11,28,15.8901
2010,11,29,16.5840
2010,11,30,19.4651
2010,12,1,31.6506
2010,12,2,41.4779
2010,12,3,39.2156
2010,12,4,34.8513
2010,12,5,30.4511
2010,12,6,26.2853
2010,12,7,22.9314
2010,12,8,20.6581
2010,12,9,18.9305
2010,12,10,17.7162
2010,12,11,16.6553
2010,12,12,15.4785
2010,12,13,14.3321
2010,12,14,13.2856
2010,12,15,12.2929
2010,12,16,11.3591
2010,12,17,10.5045
2010,12,18,9.79590
2010,12,19,9.50586
2010,12,20,9.31855
2010,12,21,9.43072
2010,12,22,9.76936
2010,12,23,10.6733
2010,12,24,11.7543
2010,12,25,13.3290
2010,12,26,15.1689
2010,12,27,15.8774
2010,12,28,15.6464
2010,12,29,15.0072
2010,12,30,14.1338
2010,12,31,13.1762
2011,1,1,12.2339
2011,1,2,11.3574
2011,1,3,10.5580
2011,1,4,9.82871
2011,1,5,9.15584
2011,1,6,8.54333
2011,1,7,7.99919
2011,1,8,7.53902
2011,1,9,7.17243
2011,1,10,6.86529
2011,1,11,6.58922
2011,1,12,6.36771
2011,1,13,6.23827
2011,1,14,6.13428
2011,1,15,6.03267
2011,1,16,5.92976
2011,1,17,5.81345
2011,1,18,5.67976
2011,1,19,5.53069
2011,1,20,5.37581
2011,1,21,5.22206
2011,1,22,5.12156
2011,1,23,5.06446
2011,1,24,5.02476
2011,1,25,4.96726
2011,1,26,4.88824
2011,1,27,4.79517
2011,1,28,4.69492
2011,1,29,4.59414
2011,1,30,4.49181
2011,1,31,4.38802
2011,2,1,4.28630
2011,2,2,4.18873
2011,2,3,4.08511
2011,2,4,3.98116
2011,2,5,3.88074
2011,2,6,3.78904
2011,2,7,3.72714
2011,2,8,3.70772
2011,2,9,3.73000
2011,2,10,3.77119
2011,2,11,3.80241
2011,2,12,3.82519
2011,2,13,3.85515
2011,2,14,3.90029
2011,2,15,3.96491
2011,2,16,4.01812
2011,2,17,4.11213
2011,2,18,4.48259
2011,2,19,5.00661
2011,2,20,5.38382
2011,2,21,5.60506
2011,2,22,5.79732
2011,2,23,5.96095
2011,2,24,6.01888
2011,2,25,6.00393
2011,2,26,5.94393
2011,2,27,5.85212
2011,2,28,5.76295
2011,3,1,5.71823
2011,3,2,5.72705
2011,3,3,5.79399
2011,3,4,5.84420
2011,3,5,5.88758
2011,3,6,5.96300
2011,3,7,6.03074
2011,3,8,6.03175
2011,3,9,5.96641
2011,3,10,5.86841
2011,3,11,5.77321
2011,3,12,5.77015
2011,3,13,5.90987
2011,3,14,6.11187
2011,3,15,6.49657
2011,3,16,7.14267
2011,3,17,8.27240
2011,3,18,10.0071
2011,3,19,11.2838
2011,3,20,11.9932
2011,3,21,12.0489
2011,3,22,11.8028
2011,3,23,11.4107
2011,3,24,10.9097
2011,3,25,10.2825
2011,3,26,9.66436
2011,3,27,9.14878
2011,3,28,8.67241
2011,3,29,8.29630
2011,3,30,8.32111
2011,3,31,8.46921
2011,4,1,8.41028
2011,4,2,8.18681
2011,4,3,7.85205
2011,4,4,7.50114
2011,4,5,7.23354
2011,4,6,6.98997
2011,4,7,6.71942
2011,4,8,6.48952
2011,4,9,6.32468
2011,4,10,6.13346
2011,4,11,5.89109
2011,4,12,5.62400
2011,4,13,5.37333
2011,4,14,5.23876
2011,4,15,5.17997
2011,4,16,5.15324
2011,4,17,5.12557
2011,4,18,5.07627
2011,4,19,5.02078
2011,4,20,4.98208
2011,4,21,4.92301
2011,4,22,4.86868
2011,4,23,4.84694
2011,4,24,4.77230
2011,4,25,4.69911
2011,4,26,4.70549
2011,4,27,4.69081
2011,4,28,4.61774
2011,4,29,4.52483
2011,4,30,4.43085
2011,5,1,4.36475
2011,5,2,4.38191
2011,5,3,4.44407
2011,5,4,4.64517
2011,5,5,4.79005
2011,5,6,4.79855
2011,5,7,4.72144
2011,5,8,4.58471
2011,5,9,4.44234
2011,5,10,4.31425
2011,5,11,4.18747
2011,5,12,4.05913
2011,5,13,3.91699
2011,5,14,3.77456
2011,5,15,3.62981
2011,5,16,3.49910
2011,5,17,3.40450
2011,5,18,3.33976
2011,5,19,3.30384
2011,5,20,3.25794
2011,5,21,3.19476
2011,5,22,3.13415
2011,5,23,3.07834
2011,5,24,3.03592
2011,5,25,3.02552
2011,5,26,3.04811
2011,5,27,3.06946
2011,5,28,3.08277
2011,5,29,3.09590
2011,5,30,3.11918
2011,5,31,3.11819
2011,6,1,3.09521
2011,6,2,3.06525
2011,6,3,3.04674
2011,6,4,3.04215
2011,6,5,3.05395
2011,6,6,3.09038
2011,6,7,3.16239
2011,6,8,3.25345
2011,6,9,3.29811
2011,6,10,3.33753
2011,6,11,3.35142
2011,6,12,3.33601
2011,6,13,3.29771
2011,6,14,3.23801
2011,6,15,3.17832
2011,6,16,3.11295
2011,6,17,3.02862
2011,6,18,2.93792
2011,6,19,2.84014
2011,6,20,2.73928
2011,6,21,2.63703
2011,6,22,2.52683
2011,6,23,2.41525
2011,6,24,2.30352
2011,6,25,2.21041
2011,6,26,2.12747
2011,6,27,2.05450
2011,6,28,1.98585
2011,6,29,1.92582
2011,6,30,1.87147
2011,7,1,1.81867
2011,7,2,1.77140
2011,7,3,1.72775
2011,7,4,1.69202
2011,7,5,1.65768
2011,7,6,1.62541
2011,7,7,1.60106
2011,7,8,1.57332
2011,7,9,1.54243
2011,7,10,1.50832
2011,7,11,1.47312
2011,7,12,1.43579
2011,7,13,1.40560
2011,7,14,1.36887
2011,7,15,1.33214
2011,7,16,1.29473
2011,7,17,1.25955
2011,7,18,1.22068
2011,7,19,1.18181
2011,7,20,1.14364
2011,7,21,1.11201
2011,7,22,1.08030
2011,7,23,1.05290
2011,7,24,1.02543
2011,7,25,0.997177
2011,7,26,0.974859
2011,7,27,0.951613
2011,7,28,0.934208
2011,7,29,0.913882
2011,7,30,0.899414
2011,7,31,0.885630
2011,8,1,0.873268
2011,8,2,0.865988
2011,8,3,0.857285
2011,8,4,0.845737
2011,8,5,0.839879
2011,8,6,0.840562
2011,8,7,0.846158
2011,8,8,0.848208
2011,8,9,0.850276
2011,8,10,0.848798
2011,8,11,0.845784
2011,8,12,0.840001
2011,8,13,0.831982
2011,8,14,0.821819
2011,8,15,0.812508
2011,8,16,0.801644
2011,8,17,0.788711
2011,8,18,0.778549
2011,8,19,0.767853
2011,8,20,0.754921
2011,8,21,0.740870
2011,8,22,0.726820
2011,8,23,0.713887
2011,8,24,0.695873
2011,8,25,0.680021
2011,8,26,0.664244
2011,8,27,0.649075
2011,8,28,0.635460
2011,8,29,0.620291
2011,8,30,0.606675
2011,8,31,0.593743
2011,9,1,0.578574
2011,9,2,0.571331
2011,9,3,0.559952
2011,9,4,0.549940
2011,9,5,0.537616
2011,9,6,0.529765
2011,9,7,0.522522
2011,9,8,0.509590
2011,9,9,0.503124
2011,9,10,0.493424
2011,9,11,0.483725
2011,9,12,0.470793
2011,9,13,0.464327
2011,9,14,0.455320
2011,9,15,0.444928
2011,9,16,0.437002
2011,9,17,0.430536
2011,9,18,0.422610
2011,9,19,0.413299
2011,9,20,0.410454
2011,9,21,0.428733
2011,9,22,0.476211
2011,9,23,0.524315
2011,9,24,0.557895
2011,9,25,0.581938
2011,9,26,0.601619
2011,9,27,0.616902
2011,9,28,0.629967
2011,9,29,0.635105
2011,9,30,0.642330
2011,10,1,0.643865
2011,10,2,0.648170
2011,10,3,0.648170
2011,10,4,0.646397
2011,10,5,0.644937
2011,10,6,0.641666
2011,10,7,0.638784
2011,10,8,0.636472
2011,10,9,0.639392
2011,10,10,0.649705
2011,10,11,0.662695
2011,10,12,0.675759
2011,10,13,0.690058
2011,10,14,0.711819
2011,10,15,0.740000
2011,10,16,0.767375
2011,10,17,0.793945
2011,10,18,0.816552
2011,10,19,0.833395
2011,10,20,0.843476
2011,10,21,0.852135
2011,10,22,0.870174
2011,10,23,0.901944
2011,10,24,0.935563
2011,10,25,0.967909
2011,10,26,0.994216
2011,10,27,1.01547
2011,10,28,1.03073
2011,10,29,1.04472
2011,10,30,1.05519
2011,10,31,1.06143
2011,11,1,1.06551
2011,11,2,1.06692
2011,11,3,1.06676
2011,11,4,1.06661
2011,11,5,1.06017
2011,11,6,1.05440
2011,11,7,1.04856
2011,11,8,1.04496
2011,11,9,1.04274
2011,11,10,1.04122
2011,11,11,1.04124
2011,11,12,1.04088
2011,11,13,1.03836
2011,11,14,1.03475
2011,11,15,1.03193
2011,11,16,1.02626
2011,11,17,1.01981
2011,11,18,1.01482
2011,11,19,1.00699
2011,11,20,1.00054
2011,11,21,0.990547
2011,11,22,0.982714
2011,11,23,0.976266
2011,11,24,0.981898
2011,11,25,0.994454
2011,11,26,1.01275
2011,11,27,1.03303
2011,11,28,1.05263
2011,11,29,1.07007
2011,11,30,1.08401
2011,12,1,1.09579
2011,12,2,1.10558
2011,12,3,1.11320
2011,12,4,1.11806
2011,12,5,1.12647
2011,12,6,1.17944
2011,12,7,1.32126
2011,12,8,1.46453
2011,12,9,1.61196
2011,12,10,1.74796
2011,12,11,1.90618
2011,12,12,2.14581
2011,12,13,2.53198
2011,12,14,2.97180
2011,12,15,3.35531
2011,12,16,3.96386
2011,12,17,4.86637
2011,12,18,5.99709
2011,12,19,6.58039
2011,12,20,6.95011
2011,12,21,7.18817
2011,12,22,7.21129
2011,12,23,7.11054
2011,12,24,6.94070
2011,12,25,6.72781
2011,12,26,6.49428
2011,12,27,6.24678
2011,12,28,5.99765
2011,12,29,5.75547
2011,12,30,5.52703
2011,12,31,5.31597
2012,1,1,5.11842
2012,1,2,4.93374
2012,1,3,4.75971
2012,1,4,4.59881
2012,1,5,4.46244
2012,1,6,4.44675
2012,1,7,4.62693
2012,1,8,4.75350
2012,1,9,4.79663
2012,1,10,4.79646
2012,1,11,4.76326
2012,1,12,4.71367
2012,1,13,4.64366
2012,1,14,4.57236
2012,1,15,4.50445
2012,1,16,4.43014
2012,1,17,4.34748
2012,1,18,4.25818
2012,1,19,4.16293
2012,1,20,4.06467
2012,1,21,4.00359
2012,1,22,3.99828
2012,1,23,3.98490
2012,1,24,3.96056
2012,1,25,3.97671
2012,1,26,4.01843
2012,1,27,4.02527
2012,1,28,4.00470
2012,1,29,3.96826
2012,1,30,3.91698
2012,1,31,3.85380
2012,2,1,3.78353
2012,2,2,3.70740
2012,2,3,3.64034
2012,2,4,3.73932
2012,2,5,4.15973
2012,2,6,4.46868
2012,2,7,4.60265
2012,2,8,4.62742
2012,2,9,4.59889
2012,2,10,4.53695
2012,2,11,4.46886
2012,2,12,4.55173
2012,2,13,4.82906
2012,2,14,4.95078
2012,2,15,4.93370
2012,2,16,4.87001
2012,2,17,4.77362
2012,2,18,4.65598
2012,2,19,4.52116
2012,2,20,4.39808
2012,2,21,4.41337
2012,2,22,4.62877
2012,2,23,4.87275
2012,2,24,5.07092
2012,2,25,5.16673
2012,2,26,5.29567
2012,2,27,5.59520
2012,2,28,5.76942
2012,2,29,5.81177
2012,3,1,5.90225
2012,3,2,6.05023
2012,3,3,6.33163
2012,3,4,6.82400
2012,3,5,7.31414
2012,3,6,7.80480
2012,3,7,8.13013
2012,3,8,8.26363
2012,3,9,8.40344
2012,3,10,8.64876
2012,3,11,8.69370
2012,3,12,8.59734
2012,3,13,8.34934
2012,3,14,8.01958
2012,3,15,7.75425
2012,3,16,7.60737
2012,3,17,7.67663
2012,3,18,8.01207
2012,3,19,8.77763
2012,3,20,10.1486
2012,3,21,12.1289
2012,3,22,14.6096
2012,3,23,16.9227
2012,3,24,17.8687
2012,3,25,18.6620
2012,3,26,18.8821
2012,3,27,18.4164
2012,3,28,17.4998
2012,3,29,16.2837
2012,3,30,14.9556
2012,3,31,13.7876
2012,4,1,12.7322
2012,4,2,11.9069
2012,4,3,11.1560
2012,4,4,10.4370
2012,4,5,9.70390
2012,4,6,9.00359
2012,4,7,8.44677
2012,4,8,8.12905
2012,4,9,8.10733
2012,4,10,8.00338
2012,4,11,7.79328
2012,4,12,7.52890
2012,4,13,7.27673
2012,4,14,7.10426
2012,4,15,7.24880
2012,4,16,7.53620
2012,4,17,8.15441
2012,4,18,9.12900
2012,4,19,9.56363
2012,4,20,9.80996
2012,4,21,10.2784
2012,4,22,10.4929
2012,4,23,10.3828
2012,4,24,10.1654
2012,4,25,9.92841
2012,4,26,9.62964
2012,4,27,9.20722
2012,4,28,8.67798
2012,4,29,8.08552
2012,4,30,7.48477
2012,5,1,6.90096
2012,5,2,6.37594
2012,5,3,5.89968
2012,5,4,5.46742
2012,5,5,5.08411
2012,5,6,4.74252
2012,5,7,4.44489
2012,5,8,4.19095
2012,5,9,3.96393
2012,5,10,3.74721
2012,5,11,3.54619
2012,5,12,3.35474
2012,5,13,3.18910
2012,5,14,3.04874
2012,5,15,2.95249
2012,5,16,2.88073
2012,5,17,2.84916
2012,5,18,2.88468
2012,5,19,2.92224
2012,5,20,2.90996
2012,5,21,2.87352
2012,5,22,2.83520
2012,5,23,2.81987
2012,5,24,2.82393
2012,5,25,2.86004
2012,5,26,2.93465
2012,5,27,2.99753
2012,5,28,3.05914
2012,5,29,3.09652
2012,5,30,3.12356
2012,5,31,3.13663
2012,6,1,3.13593
2012,6,2,3.14671
2012,6,3,3.13893
2012,6,4,3.10076
2012,6,5,3.05924
2012,6,6,3.02268
2012,6,7,2.98355
2012,6,8,2.93596
2012,6,9,2.86559
2012,6,10,2.78798
2012,6,11,2.70466
2012,6,12,2.61428
2012,6,13,2.53390
2012,6,14,2.44768
2012,6,15,2.36222
2012,6,16,2.27831
2012,6,17,2.19639
2012,6,18,2.10947
2012,6,19,2.02867
2012,6,20,1.95219
2012,6,21,1.87381
2012,6,22,1.80482
2012,6,23,1.73660
2012,6,24,1.67923
2012,6,25,1.62824
2012,6,26,1.58387
2012,6,27,1.53872
2012,6,28,1.49566
2012,6,29,1.45398
2012,6,30,1.41231
2012,7,1,1.36486
2012,7,2,1.32389
2012,7,3,1.27783
2012,7,4,1.24040
2012,7,5,1.20443
2012,7,6,1.17199
2012,7,7,1.14256
2012,7,8,1.11451
2012,7,9,1.08793
2012,7,10,1.06273
2012,7,11,1.03099
2012,7,12,1.00649
2012,7,13,0.980607
2012,7,14,0.954649
2012,7,15,0.926623
2012,7,16,0.902826
2012,7,17,0.879030
2012,7,18,0.856010
2012,7,19,0.835227
2012,7,20,0.812132
2012,7,21,0.786875
2012,7,22,0.765240
2012,7,23,0.745766
2012,7,24,0.729212
2012,7,25,0.716355
2012,7,26,0.710648
2012,7,27,0.708637
2012,7,28,0.707234
2012,7,29,0.700142
2012,7,30,0.692661
2012,7,31,0.683720
2012,8,1,0.676164
2012,8,2,0.667148
2012,8,3,0.657136
2012,8,4,0.649192
2012,8,5,0.638327
2012,8,6,0.628240
2012,8,7,0.613829
2012,8,8,0.600897
2012,8,9,0.590734
2012,8,10,0.579870
2012,8,11,0.571926
2012,8,12,0.564683
2012,8,13,0.557440
2012,8,14,0.547427
2012,8,15,0.541569
2012,8,16,0.532942
2012,8,17,0.525699
2012,8,18,0.518456
2012,8,19,0.509753
2012,8,20,0.499666
2012,8,21,0.490963
2012,8,22,0.483037
2012,8,23,0.474334
2012,8,24,0.465631
2012,8,25,0.455856
2012,8,26,0.447542
2012,8,27,0.440224
2012,8,28,0.429453
2012,8,29,0.421831
2012,8,30,0.412749
2012,8,31,0.404046
2012,9,1,0.395436
2012,9,2,0.390963
2012,9,3,0.380800
2012,9,4,0.372191
2012,9,5,0.367717
2012,9,6,0.359108
2012,9,7,0.351865
2012,9,8,0.346025
2012,9,9,0.339133
2012,9,10,0.333322
2012,9,11,0.326476
2012,9,12,0.322779
2012,9,13,0.317090
2012,9,14,0.314095
2012,9,15,0.334392
2012,9,16,0.370840
2012,9,17,0.397452
2012,9,18,0.422511
2012,9,19,0.440992
2012,9,20,0.461466
2012,9,21,0.498166
2012,9,22,0.537636
2012,9,23,0.570527
2012,9,24,0.593846
2012,9,25,0.608443
2012,9,26,0.621487
2012,9,27,0.627972
2012,9,28,0.631480
2012,9,29,0.629983
2012,9,30,0.631199
2012,10,1,0.629303
2012,10,2,0.626725
2012,10,3,0.626556
2012,10,4,0.623543
2012,10,5,0.622691
2012,10,6,0.619677
2012,10,7,0.618049
2012,10,8,0.612967
2012,10,9,0.609177
2012,10,10,0.605387
2012,10,11,0.603833
2012,10,12,0.599360
2012,10,13,0.598508
2012,10,14,0.624216
2012,10,15,0.692941
2012,10,16,0.822419
2012,10,17,1.10663
2012,10,18,1.35005
2012,10,19,1.50864
2012,10,20,1.60891
2012,10,21,1.67171
2012,10,22,1.70452
2012,10,23,1.71988
2012,10,24,1.71936
2012,10,25,1.71874
2012,10,26,1.71315
2012,10,27,1.71660
2012,10,28,2.00815
2012,10,29,2.69993
2012,10,30,3.40824
2012,10,31,3.92422
2012,11,1,4.42576
2012,11,2,5.67772
2012,11,3,6.57773
2012,11,4,6.92281
2012,11,5,7.04761
2012,11,6,7.83659
2012,11,7,8.31595
2012,11,8,8.25731
2012,11,9,8.01851
2012,11,10,7.67673
2012,11,11,7.28154
2012,11,12,6.86994
2012,11,13,6.46532
2012,11,14,6.08196
2012,11,15,5.72650
2012,11,16,5.42244
2012,11,17,5.15994
2012,11,18,4.91724
2012,11,19,4.69044
2012,11,20,4.48282
2012,11,21,4.30357
2012,11,22,4.15844
2012,11,23,4.02567
2012,11,24,3.90259
2012,11,25,3.78392
2012,11,26,3.66629
2012,11,27,3.55739
2012,11,28,3.45222
2012,11,29,3.47667
2012,11,30,3.79884
2012,12,1,4.34548
2012,12,2,4.83655
2012,12,3,5.45521
2012,12,4,6.04253
2012,12,5,6.48210
2012,12,6,7.14258
2012,12,7,7.38947
2012,12,8,7.88259
2012,12,9,9.60351
2012,12,10,10.3050
2012,12,11,10.1526
2012,12,12,9.85703
2012,12,13,9.43086
2012,12,14,8.91575
2012,12,15,8.43942
2012,12,16,8.30919
2012,12,17,8.98342
2012,12,18,9.66122
2012,12,19,10.2487
2012,12,20,10.3041
2012,12,21,10.0705
2012,12,22,9.67514
2012,12,23,9.19210
2012,12,24,8.68752
2012,12,25,8.20360
2012,12,26,7.78296
2012,12,27,7.58652
2012,12,28,7.79828
2012,12,29,8.23559
2012,12,30,8.43898
2012,12,31,8.42450
